path,fname,label,w,h,img_mode,n_masks,mask_paths,md5,phash,group,conflict,split,fold
/kaggle/input/datasets/aryashah2k/breast-ultrasound-images-dataset/Dataset_BUSI_with_GT/benign/benign (1).png,benign (1).png,benign,562,471,RGB,1,/kaggle/input/datasets/aryashah2k/breast-ultrasound-images-dataset/Dataset_BUSI_with_GT/benign/benign (1)_mask.png,96e5a08ef7b9c9429afac7aa75dfe0a6,d4e80bc73485eea3,243,False,trainval,1
/kaggle/input/datasets/aryashah2k/breast-ultrasound-images-dataset/Dataset_BUSI_with_GT/benign/benign (10).png,benign (10).png,benign,683,585,RGB,1,/kaggle/input/datasets/aryashah2k/breast-ultrasound-images-dataset/Dataset_BUSI_with_GT/benign/benign (10)_mask.png,c361932f412319342d95a68dd6229d50,fe8e1fe1e18e01c1,253,False,test,-1
/kaggle/input/datasets/aryashah2k/breast-ultrasound-images-dataset/Dataset_BUSI_with_GT/benign/benign (100).png,benign (100).png,benign,323,473,RGB,2,/kaggle/input/datasets/aryashah2k/breast-ultrasound-images-dataset/Dataset_BUSI_with_GT/benign/benign (100)_mask.png|/kaggle/input/datasets/aryashah2k/breast-ultrasound-images-dataset/Dataset_BUSI_with_GT/benign/benign (100)_mask_1.png,c8ef9022b23dd1a8f1a3046b5b11ff41,b4dac7a561685a1e,2,False,trainval,2
/kaggle/input/datasets/aryashah2k/breast-ultrasound-images-dataset/Dataset_BUSI_with_GT/benign/benign (101).png,benign (101).png,benign,563,473,RGB,1,/kaggle/input/datasets/aryashah2k/breast-ultrasound-images-dataset/Dataset_BUSI_with_GT/benign/benign (101)_mask.png,6199b14831c04cebd43b7f568227c7d4,acd21a6df0da8ca5,3,False,trainval,4
/kaggle/input/datasets/aryashah2k/breast-ultrasound-images-dataset/Dataset_BUSI_with_GT/benign/benign (102).png,benign (102).png,benign,634,610,RGB,1,/kaggle/input/datasets/aryashah2k/breast-ultrasound-images-dataset/Dataset_BUSI_with_GT/benign/benign (102)_mask.png,10c710780094c714b4c423385e21c13b,a5e5d6929a4999d8,4,False,test,-1
/kaggle/input/datasets/aryashah2k/breast-ultrasound-images-dataset/Dataset_BUSI_with_GT/benign/benign (103).png,benign (103).png,benign,766,585,RGB,1,/kaggle/input/datasets/aryashah2k/breast-ultrasound-images-dataset/Dataset_BUSI_with_GT/benign/benign (103)_mask.png,9aaf91245c6a331d4c36e599716ea784,c29ee0c419b9e8de,5,False,trainval,2
/kaggle/input/datasets/aryashah2k/breast-ultrasound-images-dataset/Dataset_BUSI_with_GT/benign/benign (104).png,benign (104).png,benign,777,578,RGB,1,/kaggle/input/datasets/aryashah2k/breast-ultrasound-images-dataset/Dataset_BUSI_with_GT/benign/benign (104)_mask.png,78304e8686772ead15b5dd77e424ddd3,86cb7130687c74dd,6,False,trainval,3
/kaggle/input/datasets/aryashah2k/breast-ultrasound-images-dataset/Dataset_BUSI_with_GT/benign/benign (105).png,benign (105).png,benign,882,581,RGB,1,/kaggle/input/datasets/aryashah2k/breast-ultrasound-images-dataset/Dataset_BUSI_with_GT/benign/benign (105)_mask.png,580c891c3dcdca098979f1cf881fb230,d4e63b992976c6a0,63,False,trainval,0
/kaggle/input/datasets/aryashah2k/breast-ultrasound-images-dataset/Dataset_BUSI_with_GT/benign/benign (106).png,benign (106).png,benign,808,716,RGB,1,/kaggle/input/datasets/aryashah2k/breast-ultrasound-images-dataset/Dataset_BUSI_with_GT/benign/benign (106)_mask.png,bd7ef0a0e2e6473adb2e7f219149b577,acb9734606577839,8,False,trainval,0
/kaggle/input/datasets/aryashah2k/breast-ultrasound-images-dataset/Dataset_BUSI_with_GT/benign/benign (107).png,benign (107).png,benign,759,616,RGB,1,/kaggle/input/datasets/aryashah2k/breast-ultrasound-images-dataset/Dataset_BUSI_with_GT/benign/benign (107)_mask.png,d4670e8ad0e490925396af4818a07ef9,85816b3be6e6d898,9,False,trainval,4
/kaggle/input/datasets/aryashah2k/breast-ultrasound-images-dataset/Dataset_BUSI_with_GT/benign/benign (108).png,benign (108).png,benign,769,582,RGB,1,/kaggle/input/datasets/aryashah2k/breast-ultrasound-images-dataset/Dataset_BUSI_with_GT/benign/benign (108)_mask.png,dc08583bb3311d9ac38724d0fcd5a134,80a00ccc339effdd,10,False,trainval,2
/kaggle/input/datasets/aryashah2k/breast-ultrasound-images-dataset/Dataset_BUSI_with_GT/benign/benign (109).png,benign (109).png,benign,562,470,RGB,1,/kaggle/input/datasets/aryashah2k/breast-ultrasound-images-dataset/Dataset_BUSI_with_GT/benign/benign (109)_mask.png,e1dce99d6d14432ba4a0ef4b86d70d6f,a1bcc5c3783c079b,11,False,test,-1
/kaggle/input/datasets/aryashah2k/breast-ultrasound-images-dataset/Dataset_BUSI_with_GT/benign/benign (11).png,benign (11).png,benign,689,587,RGB,1,/kaggle/input/datasets/aryashah2k/breast-ultrasound-images-dataset/Dataset_BUSI_with_GT/benign/benign (11)_mask.png,b4f7afd6b737975f89ed16ee99aeef3f,c1a71cd82dbbc346,254,False,trainval,0
/kaggle/input/datasets/aryashah2k/breast-ultrasound-images-dataset/Dataset_BUSI_with_GT/benign/benign (110).png,benign (110).png,benign,555,468,RGB,1,/kaggle/input/datasets/aryashah2k/breast-ultrasound-images-dataset/Dataset_BUSI_with_GT/benign/benign (110)_mask.png,9a0522e2779f1f2d4796f2c2f3e25c3e,cbeb349d8781a1b2,13,False,trainval,4
/kaggle/input/datasets/aryashah2k/breast-ultrasound-images-dataset/Dataset_BUSI_with_GT/benign/benign (111).png,benign (111).png,benign,315,477,RGB,1,/kaggle/input/datasets/aryashah2k/breast-ultrasound-images-dataset/Dataset_BUSI_with_GT/benign/benign (111)_mask.png,c3c9c4afed342db784faee2702296994,bae8cc1212e0ecfd,14,False,trainval,4
/kaggle/input/datasets/aryashah2k/breast-ultrasound-images-dataset/Dataset_BUSI_with_GT/benign/benign (112).png,benign (112).png,benign,652,612,RGB,1,/kaggle/input/datasets/aryashah2k/breast-ultrasound-images-dataset/Dataset_BUSI_with_GT/benign/benign (112)_mask.png,557a92b3c1687803afc47ddd5cb609cf,c3ccb4263383a6fc,15,False,trainval,0
/kaggle/input/datasets/aryashah2k/breast-ultrasound-images-dataset/Dataset_BUSI_with_GT/benign/benign (113).png,benign (113).png,benign,810,695,RGB,1,/kaggle/input/datasets/aryashah2k/breast-ultrasound-images-dataset/Dataset_BUSI_with_GT/benign/benign (113)_mask.png,6bfb2e6d94743bc7396039feeda3eb0b,90ac76537b626565,16,False,trainval,1
/kaggle/input/datasets/aryashah2k/breast-ultrasound-images-dataset/Dataset_BUSI_with_GT/benign/benign (114).png,benign (114).png,benign,757,575,RGB,1,/kaggle/input/datasets/aryashah2k/breast-ultrasound-images-dataset/Dataset_BUSI_with_GT/benign/benign (114)_mask.png,ac0fec8581dea2818d858a48b887273d,80a22ecc219afbfd,17,False,trainval,2
/kaggle/input/datasets/aryashah2k/breast-ultrasound-images-dataset/Dataset_BUSI_with_GT/benign/benign (115).png,benign (115).png,benign,554,469,RGB,1,/kaggle/input/datasets/aryashah2k/breast-ultrasound-images-dataset/Dataset_BUSI_with_GT/benign/benign (115)_mask.png,108123991b2037f1d0c55423ef1eeee6,94e43359daa4d89b,18,False,trainval,0
/kaggle/input/datasets/aryashah2k/breast-ultrasound-images-dataset/Dataset_BUSI_with_GT/benign/benign (116).png,benign (116).png,benign,766,588,RGB,1,/kaggle/input/datasets/aryashah2k/breast-ultrasound-images-dataset/Dataset_BUSI_with_GT/benign/benign (116)_mask.png,02060263d3d44263e308cd0aea5ea10c,80a02ec96a9afbbd,19,False,trainval,2
/kaggle/input/datasets/aryashah2k/breast-ultrasound-images-dataset/Dataset_BUSI_with_GT/benign/benign (117).png,benign (117).png,benign,806,688,RGB,1,/kaggle/input/datasets/aryashah2k/breast-ultrasound-images-dataset/Dataset_BUSI_with_GT/benign/benign (117)_mask.png,2c3b66335b832c4048334d02397ebceb,8eaa621d357d6a4a,20,False,trainval,3
/kaggle/input/datasets/aryashah2k/breast-ultrasound-images-dataset/Dataset_BUSI_with_GT/benign/benign (118).png,benign (118).png,benign,653,620,RGB,1,/kaggle/input/datasets/aryashah2k/breast-ultrasound-images-dataset/Dataset_BUSI_with_GT/benign/benign (118)_mask.png,0476546606d29ef5ec848e8e10a136a2,f9a393c0066e4fd1,21,False,trainval,1
/kaggle/input/datasets/aryashah2k/breast-ultrasound-images-dataset/Dataset_BUSI_with_GT/benign/benign (119).png,benign (119).png,benign,762,585,RGB,1,/kaggle/input/datasets/aryashah2k/breast-ultrasound-images-dataset/Dataset_BUSI_with_GT/benign/benign (119)_mask.png,50b06eb392f7345466a7c109c81c72a3,88a027c3689afbbd,22,False,test,-1
/kaggle/input/datasets/aryashah2k/breast-ultrasound-images-dataset/Dataset_BUSI_with_GT/benign/benign (12).png,benign (12).png,benign,678,571,RGB,1,/kaggle/input/datasets/aryashah2k/breast-ultrasound-images-dataset/Dataset_BUSI_with_GT/benign/benign (12)_mask.png,72dc7812c39ccf5b5d6a48ff7a5247ba,a5d25a3d62c494be,255,False,trainval,1
/kaggle/input/datasets/aryashah2k/breast-ultrasound-images-dataset/Dataset_BUSI_with_GT/benign/benign (120).png,benign (120).png,benign,808,695,RGB,1,/kaggle/input/datasets/aryashah2k/breast-ultrasound-images-dataset/Dataset_BUSI_with_GT/benign/benign (120)_mask.png,ae3214e1c8715e6337988ec3683adacd,eaaa1f3770701c0f,24,False,trainval,0
/kaggle/input/datasets/aryashah2k/breast-ultrasound-images-dataset/Dataset_BUSI_with_GT/benign/benign (121).png,benign (121).png,benign,646,610,RGB,1,/kaggle/input/datasets/aryashah2k/breast-ultrasound-images-dataset/Dataset_BUSI_with_GT/benign/benign (121)_mask.png,6e965c277562c4af0d30fcc482422f70,a5a5c69a9b18d8d9,25,False,test,-1
/kaggle/input/datasets/aryashah2k/breast-ultrasound-images-dataset/Dataset_BUSI_with_GT/benign/benign (122).png,benign (122).png,benign,774,577,RGB,1,/kaggle/input/datasets/aryashah2k/breast-ultrasound-images-dataset/Dataset_BUSI_with_GT/benign/benign (122)_mask.png,e4b22204257beb368dfd6abbd6d96ee1,88a0a7c36092dfbf,26,False,trainval,2
/kaggle/input/datasets/aryashah2k/breast-ultrasound-images-dataset/Dataset_BUSI_with_GT/benign/benign (123).png,benign (123).png,benign,648,610,RGB,1,/kaggle/input/datasets/aryashah2k/breast-ultrasound-images-dataset/Dataset_BUSI_with_GT/benign/benign (123)_mask.png,bfa148b2cd0ece57f7fcbf622ff1754f,e79d9411236b6d64,27,False,trainval,3
/kaggle/input/datasets/aryashah2k/breast-ultrasound-images-dataset/Dataset_BUSI_with_GT/benign/benign (124).png,benign (124).png,benign,645,614,RGB,1,/kaggle/input/datasets/aryashah2k/breast-ultrasound-images-dataset/Dataset_BUSI_with_GT/benign/benign (124)_mask.png,bb4c04a9a103ff187ac637f60d396287,c2e1170e3d45c33f,28,False,trainval,4
/kaggle/input/datasets/aryashah2k/breast-ultrasound-images-dataset/Dataset_BUSI_with_GT/benign/benign (125).png,benign (125).png,benign,756,578,RGB,1,/kaggle/input/datasets/aryashah2k/breast-ultrasound-images-dataset/Dataset_BUSI_with_GT/benign/benign (125)_mask.png,34fa57deca11cfee61adf03b3490892a,c3b8bcc668f1788c,29,False,trainval,1
/kaggle/input/datasets/aryashah2k/breast-ultrasound-images-dataset/Dataset_BUSI_with_GT/benign/benign (126).png,benign (126).png,benign,771,570,RGB,1,/kaggle/input/datasets/aryashah2k/breast-ultrasound-images-dataset/Dataset_BUSI_with_GT/benign/benign (126)_mask.png,2845882eba1c7ea4f39612cc7008608a,c2b93dce6ab1710c,30,False,trainval,0
/kaggle/input/datasets/aryashah2k/breast-ultrasound-images-dataset/Dataset_BUSI_with_GT/benign/benign (127).png,benign (127).png,benign,558,476,RGB,1,/kaggle/input/datasets/aryashah2k/breast-ultrasound-images-dataset/Dataset_BUSI_with_GT/benign/benign (127)_mask.png,4509b0b11b852b50bfb94d4596789e5e,eea8b19786869393,300,False,trainval,3
/kaggle/input/datasets/aryashah2k/breast-ultrasound-images-dataset/Dataset_BUSI_with_GT/benign/benign (128).png,benign (128).png,benign,549,475,RGB,1,/kaggle/input/datasets/aryashah2k/breast-ultrasound-images-dataset/Dataset_BUSI_with_GT/benign/benign (128)_mask.png,2b4cd8641739401ccaef2a58f22f2eb4,a0a8f95fce8ec2c2,223,False,trainval,3
/kaggle/input/datasets/aryashah2k/breast-ultrasound-images-dataset/Dataset_BUSI_with_GT/benign/benign (129).png,benign (129).png,benign,775,587,RGB,1,/kaggle/input/datasets/aryashah2k/breast-ultrasound-images-dataset/Dataset_BUSI_with_GT/benign/benign (129)_mask.png,a968025550958a8fb3cec0702cf0a3c3,b3984c47e7b038ba,376,False,test,-1
/kaggle/input/datasets/aryashah2k/breast-ultrasound-images-dataset/Dataset_BUSI_with_GT/benign/benign (13).png,benign (13).png,benign,678,571,RGB,1,/kaggle/input/datasets/aryashah2k/breast-ultrasound-images-dataset/Dataset_BUSI_with_GT/benign/benign (13)_mask.png,27c89910d1275404d33b932e1f880b32,87f0c88b4f753c92,257,False,trainval,4
/kaggle/input/datasets/aryashah2k/breast-ultrasound-images-dataset/Dataset_BUSI_with_GT/benign/benign (130).png,benign (130).png,benign,558,474,RGB,1,/kaggle/input/datasets/aryashah2k/breast-ultrasound-images-dataset/Dataset_BUSI_with_GT/benign/benign (130)_mask.png,d4292daa8face9cf60bac17aa48a868b,a09e5fc2e1e14a9d,35,False,trainval,4
/kaggle/input/datasets/aryashah2k/breast-ultrasound-images-dataset/Dataset_BUSI_with_GT/benign/benign (131).png,benign (131).png,benign,587,435,RGB,1,/kaggle/input/datasets/aryashah2k/breast-ultrasound-images-dataset/Dataset_BUSI_with_GT/benign/benign (131)_mask.png,3acc02d377fbd431214eec899c999a52,91bdfc4b66c66121,594,True,excluded,-1
/kaggle/input/datasets/aryashah2k/breast-ultrasound-images-dataset/Dataset_BUSI_with_GT/benign/benign (132).png,benign (132).png,benign,552,483,RGB,1,/kaggle/input/datasets/aryashah2k/breast-ultrasound-images-dataset/Dataset_BUSI_with_GT/benign/benign (132)_mask.png,a15c46bf7e0cf371d0d3b0f9780f7004,d1a4acc793939b83,311,False,trainval,3
/kaggle/input/datasets/aryashah2k/breast-ultrasound-images-dataset/Dataset_BUSI_with_GT/benign/benign (133).png,benign (133).png,benign,369,342,RGB,1,/kaggle/input/datasets/aryashah2k/breast-ultrasound-images-dataset/Dataset_BUSI_with_GT/benign/benign (133)_mask.png,509ef4c809d978e2339fa18cb4e9c24a,94f67849c1672e8e,384,False,trainval,3
/kaggle/input/datasets/aryashah2k/breast-ultrasound-images-dataset/Dataset_BUSI_with_GT/benign/benign (134).png,benign (134).png,benign,378,345,RGB,1,/kaggle/input/datasets/aryashah2k/breast-ultrasound-images-dataset/Dataset_BUSI_with_GT/benign/benign (134)_mask.png,c721e931c55361c124260a5d89450402,c68da1693b9ac6b2,385,False,trainval,0
/kaggle/input/datasets/aryashah2k/breast-ultrasound-images-dataset/Dataset_BUSI_with_GT/benign/benign (135).png,benign (135).png,benign,776,582,RGB,1,/kaggle/input/datasets/aryashah2k/breast-ultrasound-images-dataset/Dataset_BUSI_with_GT/benign/benign (135)_mask.png,d2e467317ec616a36899a0b1303c09fe,e7b87843878786c6,391,False,trainval,4
/kaggle/input/datasets/aryashah2k/breast-ultrasound-images-dataset/Dataset_BUSI_with_GT/benign/benign (136).png,benign (136).png,benign,886,581,RGB,1,/kaggle/input/datasets/aryashah2k/breast-ultrasound-images-dataset/Dataset_BUSI_with_GT/benign/benign (136)_mask.png,6d0d9a79172bfcd79a54fdf7d1ca9561,e59c6283d23cbcc3,383,False,test,-1
/kaggle/input/datasets/aryashah2k/breast-ultrasound-images-dataset/Dataset_BUSI_with_GT/benign/benign (137).png,benign (137).png,benign,777,578,RGB,1,/kaggle/input/datasets/aryashah2k/breast-ultrasound-images-dataset/Dataset_BUSI_with_GT/benign/benign (137)_mask.png,df62ae4196b75cfa245cc88eee53582f,a5df7830021fcdc5,42,False,trainval,4
/kaggle/input/datasets/aryashah2k/breast-ultrasound-images-dataset/Dataset_BUSI_with_GT/benign/benign (138).png,benign (138).png,benign,766,600,RGB,1,/kaggle/input/datasets/aryashah2k/breast-ultrasound-images-dataset/Dataset_BUSI_with_GT/benign/benign (138)_mask.png,6bfaa1dc59698b8dba13172bd8010fda,a884f477aa2b1d8b,394,False,trainval,1
/kaggle/input/datasets/aryashah2k/breast-ultrasound-images-dataset/Dataset_BUSI_with_GT/benign/benign (139).png,benign (139).png,benign,563,468,RGB,1,/kaggle/input/datasets/aryashah2k/breast-ultrasound-images-dataset/Dataset_BUSI_with_GT/benign/benign (139)_mask.png,75551edc06bf0234529576617586dc89,d6e0298df2929ae9,436,False,trainval,2
/kaggle/input/datasets/aryashah2k/breast-ultrasound-images-dataset/Dataset_BUSI_with_GT/benign/benign (14).png,benign (14).png,benign,699,531,RGB,1,/kaggle/input/datasets/aryashah2k/breast-ultrasound-images-dataset/Dataset_BUSI_with_GT/benign/benign (14)_mask.png,b45abfb0db9c2862c4f3e006fac9ebfa,cd3112164ddceae3,258,False,trainval,2
/kaggle/input/datasets/aryashah2k/breast-ultrasound-images-dataset/Dataset_BUSI_with_GT/benign/benign (140).png,benign (140).png,benign,452,591,RGB,1,/kaggle/input/datasets/aryashah2k/breast-ultrasound-images-dataset/Dataset_BUSI_with_GT/benign/benign (140)_mask.png,823800b3f88f58645b37982bae9c9811,d5f4d59574051764,46,False,trainval,2
/kaggle/input/datasets/aryashah2k/breast-ultrasound-images-dataset/Dataset_BUSI_with_GT/benign/benign (141).png,benign (141).png,benign,567,471,RGB,1,/kaggle/input/datasets/aryashah2k/breast-ultrasound-images-dataset/Dataset_BUSI_with_GT/benign/benign (141)_mask.png,b84a967c6eff04546986a28df80fd54c,999ea6c990d3c1b9,47,False,trainval,0
/kaggle/input/datasets/aryashah2k/breast-ultrasound-images-dataset/Dataset_BUSI_with_GT/benign/benign (142).png,benign (142).png,benign,785,582,RGB,1,/kaggle/input/datasets/aryashah2k/breast-ultrasound-images-dataset/Dataset_BUSI_with_GT/benign/benign (142)_mask.png,6fe6a899a5bbdd6595c91b810ae56acb,e4a31b5e8ce4c399,48,False,trainval,3
/kaggle/input/datasets/aryashah2k/breast-ultrasound-images-dataset/Dataset_BUSI_with_GT/benign/benign (143).png,benign (143).png,benign,554,467,RGB,1,/kaggle/input/datasets/aryashah2k/breast-ultrasound-images-dataset/Dataset_BUSI_with_GT/benign/benign (143)_mask.png,36eec05bcc7bad0ba1eda189e4bddfab,81f43e703c8c87e7,49,False,trainval,0
/kaggle/input/datasets/aryashah2k/breast-ultrasound-images-dataset/Dataset_BUSI_with_GT/benign/benign (144).png,benign (144).png,benign,770,580,RGB,1,/kaggle/input/datasets/aryashah2k/breast-ultrasound-images-dataset/Dataset_BUSI_with_GT/benign/benign (144)_mask.png,22aef137d6ad3c4f88c5f22edd316299,90ecef3723c0ccd2,50,False,trainval,1
/kaggle/input/datasets/aryashah2k/breast-ultrasound-images-dataset/Dataset_BUSI_with_GT/benign/benign (145).png,benign (145).png,benign,779,574,RGB,1,/kaggle/input/datasets/aryashah2k/breast-ultrasound-images-dataset/Dataset_BUSI_with_GT/benign/benign (145)_mask.png,d04830a310cf15daa2d9ee349eb364ff,c1ad3e50058bbbec,51,False,test,-1
/kaggle/input/datasets/aryashah2k/breast-ultrasound-images-dataset/Dataset_BUSI_with_GT/benign/benign (146).png,benign (146).png,benign,449,594,RGB,1,/kaggle/input/datasets/aryashah2k/breast-ultrasound-images-dataset/Dataset_BUSI_with_GT/benign/benign (146)_mask.png,4f3d7188e937c5371893b5e4b5fb3588,e18bba2e4a630d6d,52,False,trainval,2
/kaggle/input/datasets/aryashah2k/breast-ultrasound-images-dataset/Dataset_BUSI_with_GT/benign/benign (147).png,benign (147).png,benign,564,463,RGB,1,/kaggle/input/datasets/aryashah2k/breast-ultrasound-images-dataset/Dataset_BUSI_with_GT/benign/benign (147)_mask.png,be45ce97a09b3fb67620c5e2877207c5,9fe428006af6b79c,53,False,test,-1
/kaggle/input/datasets/aryashah2k/breast-ultrasound-images-dataset/Dataset_BUSI_with_GT/benign/benign (148).png,benign (148).png,benign,567,463,RGB,1,/kaggle/input/datasets/aryashah2k/breast-ultrasound-images-dataset/Dataset_BUSI_with_GT/benign/benign (148)_mask.png,a83912dca9ad4e9e2b4e4af0161cdf39,eeb1318e8ece3071,54,False,trainval,4
/kaggle/input/datasets/aryashah2k/breast-ultrasound-images-dataset/Dataset_BUSI_with_GT/benign/benign (149).png,benign (149).png,benign,557,468,RGB,1,/kaggle/input/datasets/aryashah2k/breast-ultrasound-images-dataset/Dataset_BUSI_with_GT/benign/benign (149)_mask.png,12619f7e87cdde0f682db26ba9bea9bb,86f8e1871fb238d4,55,False,test,-1
/kaggle/input/datasets/aryashah2k/breast-ultrasound-images-dataset/Dataset_BUSI_with_GT/benign/benign (15).png,benign (15).png,benign,701,526,RGB,1,/kaggle/input/datasets/aryashah2k/breast-ultrasound-images-dataset/Dataset_BUSI_with_GT/benign/benign (15)_mask.png,ac0c892066342baa91ab2ae2b3023dd5,8ef1760e03c4f1b9,259,False,test,-1
/kaggle/input/datasets/aryashah2k/breast-ultrasound-images-dataset/Dataset_BUSI_with_GT/benign/benign (150).png,benign (150).png,benign,671,570,RGB,1,/kaggle/input/datasets/aryashah2k/breast-ultrasound-images-dataset/Dataset_BUSI_with_GT/benign/benign (150)_mask.png,71ca464fed65a888cbadb9770ac82cc3,9cf55042338cedda,100,False,trainval,2
/kaggle/input/datasets/aryashah2k/breast-ultrasound-images-dataset/Dataset_BUSI_with_GT/benign/benign (151).png,benign (151).png,benign,560,469,RGB,1,/kaggle/input/datasets/aryashah2k/breast-ultrasound-images-dataset/Dataset_BUSI_with_GT/benign/benign (151)_mask.png,52b19e9526173b333a20fa57d71b18ae,85c87a329ee5a5c9,67,False,trainval,0
/kaggle/input/datasets/aryashah2k/breast-ultrasound-images-dataset/Dataset_BUSI_with_GT/benign/benign (152).png,benign (152).png,benign,555,471,RGB,1,/kaggle/input/datasets/aryashah2k/breast-ultrasound-images-dataset/Dataset_BUSI_with_GT/benign/benign (152)_mask.png,787cd3031242cfee3f9e14ecdca6c0b3,97ecb294cd5b12a8,89,False,trainval,1
/kaggle/input/datasets/aryashah2k/breast-ultrasound-images-dataset/Dataset_BUSI_with_GT/benign/benign (153).png,benign (153).png,benign,772,574,RGB,1,/kaggle/input/datasets/aryashah2k/breast-ultrasound-images-dataset/Dataset_BUSI_with_GT/benign/benign (153)_mask.png,da9d4c386c5669d25e52dd52acf4dc08,cca624da5b1a4bcd,167,False,trainval,1
/kaggle/input/datasets/aryashah2k/breast-ultrasound-images-dataset/Dataset_BUSI_with_GT/benign/benign (154).png,benign (154).png,benign,556,464,RGB,1,/kaggle/input/datasets/aryashah2k/breast-ultrasound-images-dataset/Dataset_BUSI_with_GT/benign/benign (154)_mask.png,41d6a6839a806bca45bbaf9261926912,85ff7ab119818726,61,False,trainval,3
/kaggle/input/datasets/aryashah2k/breast-ultrasound-images-dataset/Dataset_BUSI_with_GT/benign/benign (155).png,benign (155).png,benign,783,583,RGB,1,/kaggle/input/datasets/aryashah2k/breast-ultrasound-images-dataset/Dataset_BUSI_with_GT/benign/benign (155)_mask.png,a40ae705dd85a7dacab8462e477e66bb,c0bbe74e3be1cc80,62,False,trainval,1
/kaggle/input/datasets/aryashah2k/breast-ultrasound-images-dataset/Dataset_BUSI_with_GT/benign/benign (156).png,benign (156).png,benign,887,581,RGB,1,/kaggle/input/datasets/aryashah2k/breast-ultrasound-images-dataset/Dataset_BUSI_with_GT/benign/benign (156)_mask.png,55312eeda1d002ed0989808cf5b17a18,d4e63b992976c6a0,63,False,trainval,0
/kaggle/input/datasets/aryashah2k/breast-ultrasound-images-dataset/Dataset_BUSI_with_GT/benign/benign (157).png,benign (157).png,benign,567,465,RGB,1,/kaggle/input/datasets/aryashah2k/breast-ultrasound-images-dataset/Dataset_BUSI_with_GT/benign/benign (157)_mask.png,ab0e3034452fafaa0f7ebfba0d7fc328,d6e0298df2929ae9,436,False,trainval,2
/kaggle/input/datasets/aryashah2k/breast-ultrasound-images-dataset/Dataset_BUSI_with_GT/benign/benign (158).png,benign (158).png,benign,556,464,RGB,1,/kaggle/input/datasets/aryashah2k/breast-ultrasound-images-dataset/Dataset_BUSI_with_GT/benign/benign (158)_mask.png,d0cc5ef9cc248cb8e724890e2ee788f1,c9af369d87c1a0b2,65,False,trainval,2
/kaggle/input/datasets/aryashah2k/breast-ultrasound-images-dataset/Dataset_BUSI_with_GT/benign/benign (159).png,benign (159).png,benign,696,574,RGB,1,/kaggle/input/datasets/aryashah2k/breast-ultrasound-images-dataset/Dataset_BUSI_with_GT/benign/benign (159)_mask.png,fb579e591513515ef896053abd212ebe,a9ff36a0448b6a9a,66,False,trainval,4
/kaggle/input/datasets/aryashah2k/breast-ultrasound-images-dataset/Dataset_BUSI_with_GT/benign/benign (16).png,benign (16).png,benign,558,462,RGB,1,/kaggle/input/datasets/aryashah2k/breast-ultrasound-images-dataset/Dataset_BUSI_with_GT/benign/benign (16)_mask.png,70efb94a91bed136cccfb9791de4efd0,85c87a329ae5a5cd,67,False,trainval,0
/kaggle/input/datasets/aryashah2k/breast-ultrasound-images-dataset/Dataset_BUSI_with_GT/benign/benign (160).png,benign (160).png,benign,624,585,RGB,1,/kaggle/input/datasets/aryashah2k/breast-ultrasound-images-dataset/Dataset_BUSI_with_GT/benign/benign (160)_mask.png,4b9563325587b5f6ebb3a3fe8f3fd866,f98c0e67437a12bc,68,False,trainval,3
/kaggle/input/datasets/aryashah2k/breast-ultrasound-images-dataset/Dataset_BUSI_with_GT/benign/benign (161).png,benign (161).png,benign,568,463,RGB,1,/kaggle/input/datasets/aryashah2k/breast-ultrasound-images-dataset/Dataset_BUSI_with_GT/benign/benign (161)_mask.png,c4422bb5893db85e77c0488f684deeba,8581fbb5d0f4b0aa,69,False,trainval,1
/kaggle/input/datasets/aryashah2k/breast-ultrasound-images-dataset/Dataset_BUSI_with_GT/benign/benign (162).png,benign (162).png,benign,549,470,RGB,1,/kaggle/input/datasets/aryashah2k/breast-ultrasound-images-dataset/Dataset_BUSI_with_GT/benign/benign (162)_mask.png,8c5e7d3c5dbabafc72efa7c72a93056f,c986365a39dd8ae2,70,False,trainval,4
/kaggle/input/datasets/aryashah2k/breast-ultrasound-images-dataset/Dataset_BUSI_with_GT/benign/benign (163).png,benign (163).png,benign,779,576,RGB,2,/kaggle/input/datasets/aryashah2k/breast-ultrasound-images-dataset/Dataset_BUSI_with_GT/benign/benign (163)_mask.png|/kaggle/input/datasets/aryashah2k/breast-ultrasound-images-dataset/Dataset_BUSI_with_GT/benign/benign (163)_mask_1.png,c629fc4db6f32245ac70cf71aa96ac4b,9bee74408969799c,422,False,trainval,3
/kaggle/input/datasets/aryashah2k/breast-ultrasound-images-dataset/Dataset_BUSI_with_GT/benign/benign (164).png,benign (164).png,benign,560,470,RGB,1,/kaggle/input/datasets/aryashah2k/breast-ultrasound-images-dataset/Dataset_BUSI_with_GT/benign/benign (164)_mask.png,98e6d6e9961757a61a2237ebdcf6fe91,97adf2f0c8c890b9,595,True,excluded,-1
/kaggle/input/datasets/aryashah2k/breast-ultrasound-images-dataset/Dataset_BUSI_with_GT/benign/benign (165).png,benign (165).png,benign,558,464,RGB,1,/kaggle/input/datasets/aryashah2k/breast-ultrasound-images-dataset/Dataset_BUSI_with_GT/benign/benign (165)_mask.png,71f65f14971a00ae1b19146a4b3a596d,a4bb9b5265c0cacb,73,False,trainval,0
/kaggle/input/datasets/aryashah2k/breast-ultrasound-images-dataset/Dataset_BUSI_with_GT/benign/benign (166).png,benign (166).png,benign,555,471,RGB,1,/kaggle/input/datasets/aryashah2k/breast-ultrasound-images-dataset/Dataset_BUSI_with_GT/benign/benign (166)_mask.png,2a7f27ae8f1165a6a4dd8e249ba04d1d,988589fbb2f08dc9,74,False,test,-1
/kaggle/input/datasets/aryashah2k/breast-ultrasound-images-dataset/Dataset_BUSI_with_GT/benign/benign (167).png,benign (167).png,benign,566,463,RGB,1,/kaggle/input/datasets/aryashah2k/breast-ultrasound-images-dataset/Dataset_BUSI_with_GT/benign/benign (167)_mask.png,eb0f9f2a7e6c62bb67243d3795a33453,e19a1ee919d7a688,75,False,trainval,2
/kaggle/input/datasets/aryashah2k/breast-ultrasound-images-dataset/Dataset_BUSI_with_GT/benign/benign (168).png,benign (168).png,benign,557,471,RGB,1,/kaggle/input/datasets/aryashah2k/breast-ultrasound-images-dataset/Dataset_BUSI_with_GT/benign/benign (168)_mask.png,4db94901b34535589da9187f4d187262,85f34b8c32f38d8c,76,False,trainval,3
/kaggle/input/datasets/aryashah2k/breast-ultrasound-images-dataset/Dataset_BUSI_with_GT/benign/benign (169).png,benign (169).png,benign,561,469,RGB,1,/kaggle/input/datasets/aryashah2k/breast-ultrasound-images-dataset/Dataset_BUSI_with_GT/benign/benign (169)_mask.png,f3e06b4f6d19db4726a97eabc0744767,9d9f6670f283c885,77,False,trainval,0
/kaggle/input/datasets/aryashah2k/breast-ultrasound-images-dataset/Dataset_BUSI_with_GT/benign/benign (17).png,benign (17).png,benign,558,463,RGB,1,/kaggle/input/datasets/aryashah2k/breast-ultrasound-images-dataset/Dataset_BUSI_with_GT/benign/benign (17)_mask.png,186a30e7d82f72ad9e551c0d1d86dacb,95e06b9f52160ced,362,False,trainval,0
/kaggle/input/datasets/aryashah2k/breast-ultrasound-images-dataset/Dataset_BUSI_with_GT/benign/benign (170).png,benign (170).png,benign,564,468,RGB,1,/kaggle/input/datasets/aryashah2k/breast-ultrasound-images-dataset/Dataset_BUSI_with_GT/benign/benign (170)_mask.png,3c7c36b43928231cfe80866c7fd090b5,a6ecd192c0eceb94,79,False,trainval,1
/kaggle/input/datasets/aryashah2k/breast-ultrasound-images-dataset/Dataset_BUSI_with_GT/benign/benign (171).png,benign (171).png,benign,566,463,RGB,1,/kaggle/input/datasets/aryashah2k/breast-ultrasound-images-dataset/Dataset_BUSI_with_GT/benign/benign (171)_mask.png,27fd130630be8a1a02324bf3c4b38f6c,e88b3274d793e988,80,False,trainval,2
/kaggle/input/datasets/aryashah2k/breast-ultrasound-images-dataset/Dataset_BUSI_with_GT/benign/benign (172).png,benign (172).png,benign,619,589,RGB,1,/kaggle/input/datasets/aryashah2k/breast-ultrasound-images-dataset/Dataset_BUSI_with_GT/benign/benign (172)_mask.png,a2c6bc327ab3a2919ae08d61b978fdd5,8dfc70c243c3d9b8,81,False,test,-1
/kaggle/input/datasets/aryashah2k/breast-ultrasound-images-dataset/Dataset_BUSI_with_GT/benign/benign (173).png,benign (173).png,benign,726,573,RGB,2,/kaggle/input/datasets/aryashah2k/breast-ultrasound-images-dataset/Dataset_BUSI_with_GT/benign/benign (173)_mask.png|/kaggle/input/datasets/aryashah2k/breast-ultrasound-images-dataset/Dataset_BUSI_with_GT/benign/benign (173)_mask_1.png,9f45ea48504b6d78d95942164ecae490,90af6fe6d29290b8,82,False,trainval,4
/kaggle/input/datasets/aryashah2k/breast-ultrasound-images-dataset/Dataset_BUSI_with_GT/benign/benign (174).png,benign (174).png,benign,556,490,RGB,1,/kaggle/input/datasets/aryashah2k/breast-ultrasound-images-dataset/Dataset_BUSI_with_GT/benign/benign (174)_mask.png,23b294c47df796a3d848a3ea48c97016,c3b3bccdc171306c,83,False,trainval,3
/kaggle/input/datasets/aryashah2k/breast-ultrasound-images-dataset/Dataset_BUSI_with_GT/benign/benign (175).png,benign (175).png,benign,765,573,RGB,1,/kaggle/input/datasets/aryashah2k/breast-ultrasound-images-dataset/Dataset_BUSI_with_GT/benign/benign (175)_mask.png,6785f02cd26e8079ba22891ace8cb7dc,a3f94c86733998c6,84,False,trainval,3
/kaggle/input/datasets/aryashah2k/breast-ultrasound-images-dataset/Dataset_BUSI_with_GT/benign/benign (176).png,benign (176).png,benign,715,487,RGB,1,/kaggle/input/datasets/aryashah2k/breast-ultrasound-images-dataset/Dataset_BUSI_with_GT/benign/benign (176)_mask.png,2ab082206fedad94271ea31a3770c4bb,94ab1bcc9cc0c797,85,False,test,-1
/kaggle/input/datasets/aryashah2k/breast-ultrasound-images-dataset/Dataset_BUSI_with_GT/benign/benign (177).png,benign (177).png,benign,562,470,RGB,1,/kaggle/input/datasets/aryashah2k/breast-ultrasound-images-dataset/Dataset_BUSI_with_GT/benign/benign (177)_mask.png,f8e9e03cc6e036d03f64c2630cae001e,d8dfa7e2e0809e8c,278,False,trainval,4
/kaggle/input/datasets/aryashah2k/breast-ultrasound-images-dataset/Dataset_BUSI_with_GT/benign/benign (178).png,benign (178).png,benign,772,576,RGB,1,/kaggle/input/datasets/aryashah2k/breast-ultrasound-images-dataset/Dataset_BUSI_with_GT/benign/benign (178)_mask.png,7b2407e411a9968df67280f79d82314b,8ce79d51328cd8f4,87,False,test,-1
/kaggle/input/datasets/aryashah2k/breast-ultrasound-images-dataset/Dataset_BUSI_with_GT/benign/benign (179).png,benign (179).png,benign,422,468,RGB,1,/kaggle/input/datasets/aryashah2k/breast-ultrasound-images-dataset/Dataset_BUSI_with_GT/benign/benign (179)_mask.png,39cb79d3598f22af01d776d605c5b976,fbd964445b932307,88,False,trainval,0
/kaggle/input/datasets/aryashah2k/breast-ultrasound-images-dataset/Dataset_BUSI_with_GT/benign/benign (18).png,benign (18).png,benign,564,469,RGB,1,/kaggle/input/datasets/aryashah2k/breast-ultrasound-images-dataset/Dataset_BUSI_with_GT/benign/benign (18)_mask.png,2ce7b94bc0b85d87709c677a761e7dab,97ecb294cd5b12a8,89,False,trainval,1
/kaggle/input/datasets/aryashah2k/breast-ultrasound-images-dataset/Dataset_BUSI_with_GT/benign/benign (180).png,benign (180).png,benign,763,600,RGB,1,/kaggle/input/datasets/aryashah2k/breast-ultrasound-images-dataset/Dataset_BUSI_with_GT/benign/benign (180)_mask.png,f15cc39a9aee04ad73d67583b3e39a22,c7b93ac2e4ac8b92,90,False,test,-1
/kaggle/input/datasets/aryashah2k/breast-ultrasound-images-dataset/Dataset_BUSI_with_GT/benign/benign (181).png,benign (181).png,benign,733,455,RGB,2,/kaggle/input/datasets/aryashah2k/breast-ultrasound-images-dataset/Dataset_BUSI_with_GT/benign/benign (181)_mask.png|/kaggle/input/datasets/aryashah2k/breast-ultrasound-images-dataset/Dataset_BUSI_with_GT/benign/benign (181)_mask_1.png,7bc020e9835d552e410bc40fd5770952,89a6d9db264d7298,91,False,trainval,1
/kaggle/input/datasets/aryashah2k/breast-ultrasound-images-dataset/Dataset_BUSI_with_GT/benign/benign (182).png,benign (182).png,benign,555,463,RGB,1,/kaggle/input/datasets/aryashah2k/breast-ultrasound-images-dataset/Dataset_BUSI_with_GT/benign/benign (182)_mask.png,648ca1827f3a70df2f0415161346b64a,d2ad2dd49016c6fc,92,False,trainval,1
/kaggle/input/datasets/aryashah2k/breast-ultrasound-images-dataset/Dataset_BUSI_with_GT/benign/benign (183).png,benign (183).png,benign,916,683,RGB,1,/kaggle/input/datasets/aryashah2k/breast-ultrasound-images-dataset/Dataset_BUSI_with_GT/benign/benign (183)_mask.png,bbb6837ee1f4d8e11edaf4da8c06d00c,f0d14f0e17b1b1c5,93,False,trainval,2
/kaggle/input/datasets/aryashah2k/breast-ultrasound-images-dataset/Dataset_BUSI_with_GT/benign/benign (184).png,benign (184).png,benign,349,487,RGB,1,/kaggle/input/datasets/aryashah2k/breast-ultrasound-images-dataset/Dataset_BUSI_with_GT/benign/benign (184)_mask.png,46bb599c16873e598214760f09cb474b,95e8ea96970c7878,94,False,trainval,3
/kaggle/input/datasets/aryashah2k/breast-ultrasound-images-dataset/Dataset_BUSI_with_GT/benign/benign (185).png,benign (185).png,benign,752,592,RGB,1,/kaggle/input/datasets/aryashah2k/breast-ultrasound-images-dataset/Dataset_BUSI_with_GT/benign/benign (185)_mask.png,d3d42a9f99798f7fc8cfd08d49e9af1e,ea81077a25b6f8b8,95,False,test,-1
/kaggle/input/datasets/aryashah2k/breast-ultrasound-images-dataset/Dataset_BUSI_with_GT/benign/benign (186).png,benign (186).png,benign,741,574,RGB,1,/kaggle/input/datasets/aryashah2k/breast-ultrasound-images-dataset/Dataset_BUSI_with_GT/benign/benign (186)_mask.png,8640dc97c0ec6a315503c2820bbfdf59,faa7181a66e19e86,96,False,trainval,4
/kaggle/input/datasets/aryashah2k/breast-ultrasound-images-dataset/Dataset_BUSI_with_GT/benign/benign (187).png,benign (187).png,benign,730,574,RGB,1,/kaggle/input/datasets/aryashah2k/breast-ultrasound-images-dataset/Dataset_BUSI_with_GT/benign/benign (187)_mask.png,a87861cd25bdaf363d8ce91f2fdf1a96,98e97496638cbab1,97,False,trainval,0
/kaggle/input/datasets/aryashah2k/breast-ultrasound-images-dataset/Dataset_BUSI_with_GT/benign/benign (188).png,benign (188).png,benign,655,600,RGB,1,/kaggle/input/datasets/aryashah2k/breast-ultrasound-images-dataset/Dataset_BUSI_with_GT/benign/benign (188)_mask.png,bdbdf5a5b3cabad50dce39e45b0f501f,805a813e952fd76d,98,False,trainval,4
/kaggle/input/datasets/aryashah2k/breast-ultrasound-images-dataset/Dataset_BUSI_with_GT/benign/benign (189).png,benign (189).png,benign,544,465,RGB,1,/kaggle/input/datasets/aryashah2k/breast-ultrasound-images-dataset/Dataset_BUSI_with_GT/benign/benign (189)_mask.png,b7007b25a2c50a8fcd5aed510698dc9a,9c9937e4e48d8473,99,False,trainval,1
/kaggle/input/datasets/aryashah2k/breast-ultrasound-images-dataset/Dataset_BUSI_with_GT/benign/benign (19).png,benign (19).png,benign,663,572,RGB,1,/kaggle/input/datasets/aryashah2k/breast-ultrasound-images-dataset/Dataset_BUSI_with_GT/benign/benign (19)_mask.png,44e92f0bdf87505d7288482cc4b949a9,8ef55042338cedda,100,False,trainval,2
/kaggle/input/datasets/aryashah2k/breast-ultrasound-images-dataset/Dataset_BUSI_with_GT/benign/benign (190).png,benign (190).png,benign,734,470,RGB,1,/kaggle/input/datasets/aryashah2k/breast-ultrasound-images-dataset/Dataset_BUSI_with_GT/benign/benign (190)_mask.png,3f03b0954b500e07c3ea12d084ccd77f,daacc73334c0b8e3,101,False,test,-1
/kaggle/input/datasets/aryashah2k/breast-ultrasound-images-dataset/Dataset_BUSI_with_GT/benign/benign (191).png,benign (191).png,benign,549,463,RGB,1,/kaggle/input/datasets/aryashah2k/breast-ultrasound-images-dataset/Dataset_BUSI_with_GT/benign/benign (191)_mask.png,082cb48db39b05cbac2af3f5f1549f7b,e8cba3f2808437f3,102,False,trainval,3
/kaggle/input/datasets/aryashah2k/breast-ultrasound-images-dataset/Dataset_BUSI_with_GT/benign/benign (192).png,benign (192).png,benign,557,474,RGB,1,/kaggle/input/datasets/aryashah2k/breast-ultrasound-images-dataset/Dataset_BUSI_with_GT/benign/benign (192)_mask.png,1eb2eb6ac930bb4049e026854d2272ba,96cd71131a2dec8d,103,False,trainval,1
/kaggle/input/datasets/aryashah2k/breast-ultrasound-images-dataset/Dataset_BUSI_with_GT/benign/benign (193).png,benign (193).png,benign,754,580,RGB,1,/kaggle/input/datasets/aryashah2k/breast-ultrasound-images-dataset/Dataset_BUSI_with_GT/benign/benign (193)_mask.png,24782d49f21132617936aa3f492b9bc0,e1bf1cae1e91a390,104,False,trainval,4
/kaggle/input/datasets/aryashah2k/breast-ultrasound-images-dataset/Dataset_BUSI_with_GT/benign/benign (194).png,benign (194).png,benign,711,492,RGB,1,/kaggle/input/datasets/aryashah2k/breast-ultrasound-images-dataset/Dataset_BUSI_with_GT/benign/benign (194)_mask.png,3d198d6f4e682cb5db486826f822f39e,cce9083432f36bab,105,False,trainval,0
/kaggle/input/datasets/aryashah2k/breast-ultrasound-images-dataset/Dataset_BUSI_with_GT/benign/benign (195).png,benign (195).png,benign,729,611,RGB,3,/kaggle/input/datasets/aryashah2k/breast-ultrasound-images-dataset/Dataset_BUSI_with_GT/benign/benign (195)_mask.png|/kaggle/input/datasets/aryashah2k/breast-ultrasound-images-dataset/Dataset_BUSI_with_GT/benign/benign (195)_mask_1.png|/kaggle/input/datasets/aryashah2k/breast-ultrasound-images-dataset/Dataset_BUSI_with_GT/benign/benign (195)_mask_2.png,6478a754e294f3d148cacc4d1548e12c,8001d11f6e573ddb,106,False,trainval,2
/kaggle/input/datasets/aryashah2k/breast-ultrasound-images-dataset/Dataset_BUSI_with_GT/benign/benign (196).png,benign (196).png,benign,766,580,RGB,1,/kaggle/input/datasets/aryashah2k/breast-ultrasound-images-dataset/Dataset_BUSI_with_GT/benign/benign (196)_mask.png,105d0c6d5412fbd03c1cc71126315841,8cac6227bfd8a499,107,False,test,-1
/kaggle/input/datasets/aryashah2k/breast-ultrasound-images-dataset/Dataset_BUSI_with_GT/benign/benign (197).png,benign (197).png,benign,547,465,RGB,1,/kaggle/input/datasets/aryashah2k/breast-ultrasound-images-dataset/Dataset_BUSI_with_GT/benign/benign (197)_mask.png,6e0abba93dd32d696105e6e77ca432b8,fde28298a83d6cd4,417,False,trainval,4
/kaggle/input/datasets/aryashah2k/breast-ultrasound-images-dataset/Dataset_BUSI_with_GT/benign/benign (198).png,benign (198).png,benign,759,571,RGB,1,/kaggle/input/datasets/aryashah2k/breast-ultrasound-images-dataset/Dataset_BUSI_with_GT/benign/benign (198)_mask.png,5c8ecffaf46665aabcab97de80cbb29e,95e69a91b1666b98,109,False,trainval,4
/kaggle/input/datasets/aryashah2k/breast-ultrasound-images-dataset/Dataset_BUSI_with_GT/benign/benign (199).png,benign (199).png,benign,556,473,RGB,1,/kaggle/input/datasets/aryashah2k/breast-ultrasound-images-dataset/Dataset_BUSI_with_GT/benign/benign (199)_mask.png,70a1ac55af0553adb67f3f9a54b8feb9,f9de088a93e0f09e,165,False,trainval,0
/kaggle/input/datasets/aryashah2k/breast-ultrasound-images-dataset/Dataset_BUSI_with_GT/benign/benign (2).png,benign (2).png,benign,557,473,RGB,1,/kaggle/input/datasets/aryashah2k/breast-ultrasound-images-dataset/Dataset_BUSI_with_GT/benign/benign (2)_mask.png,af08e8718a509791da991e015325091c,c1bc627b3986c6b8,244,False,trainval,3
/kaggle/input/datasets/aryashah2k/breast-ultrasound-images-dataset/Dataset_BUSI_with_GT/benign/benign (20).png,benign (20).png,benign,319,473,RGB,1,/kaggle/input/datasets/aryashah2k/breast-ultrasound-images-dataset/Dataset_BUSI_with_GT/benign/benign (20)_mask.png,4696552f02c3ebfff024522d587dea23,98b4e5cb4a5a3666,112,False,trainval,3
/kaggle/input/datasets/aryashah2k/breast-ultrasound-images-dataset/Dataset_BUSI_with_GT/benign/benign (200).png,benign (200).png,benign,554,473,RGB,1,/kaggle/input/datasets/aryashah2k/breast-ultrasound-images-dataset/Dataset_BUSI_with_GT/benign/benign (200)_mask.png,414c667093937cf063ebd17f6acf2555,bde54282cbdc98b4,212,False,trainval,2
/kaggle/input/datasets/aryashah2k/breast-ultrasound-images-dataset/Dataset_BUSI_with_GT/benign/benign (201).png,benign (201).png,benign,556,474,RGB,1,/kaggle/input/datasets/aryashah2k/breast-ultrasound-images-dataset/Dataset_BUSI_with_GT/benign/benign (201)_mask.png,1eac8835e47c14d3fab68245b0df2d2a,8ed830627bcf3782,114,False,trainval,0
/kaggle/input/datasets/aryashah2k/breast-ultrasound-images-dataset/Dataset_BUSI_with_GT/benign/benign (202).png,benign (202).png,benign,552,469,RGB,1,/kaggle/input/datasets/aryashah2k/breast-ultrasound-images-dataset/Dataset_BUSI_with_GT/benign/benign (202)_mask.png,327c0703da1f4b1f0136bebea98b0cf7,f6d688912149eafa,225,False,trainval,2
/kaggle/input/datasets/aryashah2k/breast-ultrasound-images-dataset/Dataset_BUSI_with_GT/benign/benign (203).png,benign (203).png,benign,569,471,RGB,1,/kaggle/input/datasets/aryashah2k/breast-ultrasound-images-dataset/Dataset_BUSI_with_GT/benign/benign (203)_mask.png,d67e8342eb717edeb4065f5c48f7648a,9cda6335da16a4ca,210,False,trainval,0
/kaggle/input/datasets/aryashah2k/breast-ultrasound-images-dataset/Dataset_BUSI_with_GT/benign/benign (204).png,benign (204).png,benign,560,476,RGB,1,/kaggle/input/datasets/aryashah2k/breast-ultrasound-images-dataset/Dataset_BUSI_with_GT/benign/benign (204)_mask.png,a46befa60fd3245bc906b75e033609ef,84b77bca88acd496,203,False,trainval,4
/kaggle/input/datasets/aryashah2k/breast-ultrasound-images-dataset/Dataset_BUSI_with_GT/benign/benign (205).png,benign (205).png,benign,557,477,RGB,1,/kaggle/input/datasets/aryashah2k/breast-ultrasound-images-dataset/Dataset_BUSI_with_GT/benign/benign (205)_mask.png,81b488bd319641d3345e20895c39d0aa,86b96c5cf91b94a4,181,False,trainval,0
/kaggle/input/datasets/aryashah2k/breast-ultrasound-images-dataset/Dataset_BUSI_with_GT/benign/benign (206).png,benign (206).png,benign,569,485,RGB,1,/kaggle/input/datasets/aryashah2k/breast-ultrasound-images-dataset/Dataset_BUSI_with_GT/benign/benign (206)_mask.png,428b0dad39820207d2d3e7f0148a56ff,94b0eb5b9ca45c9c,227,False,trainval,3
/kaggle/input/datasets/aryashah2k/breast-ultrasound-images-dataset/Dataset_BUSI_with_GT/benign/benign (207).png,benign (207).png,benign,562,481,RGB,1,/kaggle/input/datasets/aryashah2k/breast-ultrasound-images-dataset/Dataset_BUSI_with_GT/benign/benign (207)_mask.png,f40e5fff729be7d05ed49fefc22bd866,fdb04a6bc1d38788,174,False,trainval,4
/kaggle/input/datasets/aryashah2k/breast-ultrasound-images-dataset/Dataset_BUSI_with_GT/benign/benign (208).png,benign (208).png,benign,562,479,RGB,1,/kaggle/input/datasets/aryashah2k/breast-ultrasound-images-dataset/Dataset_BUSI_with_GT/benign/benign (208)_mask.png,8f2c5aef9c31ab265900d4164df84e76,c5bb394886e6e1b1,213,False,test,-1
/kaggle/input/datasets/aryashah2k/breast-ultrasound-images-dataset/Dataset_BUSI_with_GT/benign/benign (209).png,benign (209).png,benign,558,477,RGB,1,/kaggle/input/datasets/aryashah2k/breast-ultrasound-images-dataset/Dataset_BUSI_with_GT/benign/benign (209)_mask.png,a43cae52dd24a6cba87378cb43dde871,c6ec3b1b499598d4,219,False,trainval,1
/kaggle/input/datasets/aryashah2k/breast-ultrasound-images-dataset/Dataset_BUSI_with_GT/benign/benign (21).png,benign (21).png,benign,558,451,RGB,1,/kaggle/input/datasets/aryashah2k/breast-ultrasound-images-dataset/Dataset_BUSI_with_GT/benign/benign (21)_mask.png,d566f8863d6e176188e67fadc586caba,85fe78b19987862c,123,False,trainval,4
/kaggle/input/datasets/aryashah2k/breast-ultrasound-images-dataset/Dataset_BUSI_with_GT/benign/benign (210).png,benign (210).png,benign,563,471,RGB,1,/kaggle/input/datasets/aryashah2k/breast-ultrasound-images-dataset/Dataset_BUSI_with_GT/benign/benign (210)_mask.png,42b21c55cbb488ec8de0da0372f659e5,c8a33c5c42e9ba97,220,False,test,-1
/kaggle/input/datasets/aryashah2k/breast-ultrasound-images-dataset/Dataset_BUSI_with_GT/benign/benign (211).png,benign (211).png,benign,557,465,RGB,1,/kaggle/input/datasets/aryashah2k/breast-ultrasound-images-dataset/Dataset_BUSI_with_GT/benign/benign (211)_mask.png,e99001cc88e52dcc66efdb3ecfd3b32e,e9883e128acad4bf,172,False,trainval,3
/kaggle/input/datasets/aryashah2k/breast-ultrasound-images-dataset/Dataset_BUSI_with_GT/benign/benign (212).png,benign (212).png,benign,558,469,RGB,1,/kaggle/input/datasets/aryashah2k/breast-ultrasound-images-dataset/Dataset_BUSI_with_GT/benign/benign (212)_mask.png,5bd85c398518ccb353ee0a5000ff7b65,94a56b5a52f98996,126,False,trainval,2
/kaggle/input/datasets/aryashah2k/breast-ultrasound-images-dataset/Dataset_BUSI_with_GT/benign/benign (213).png,benign (213).png,benign,573,486,RGB,1,/kaggle/input/datasets/aryashah2k/breast-ultrasound-images-dataset/Dataset_BUSI_with_GT/benign/benign (213)_mask.png,667b6114a4dd2d9f7c83953b7e3234f7,90844b5b7cf6c6a6,171,False,trainval,3
/kaggle/input/datasets/aryashah2k/breast-ultrasound-images-dataset/Dataset_BUSI_with_GT/benign/benign (214).png,benign (214).png,benign,602,396,RGB,1,/kaggle/input/datasets/aryashah2k/breast-ultrasound-images-dataset/Dataset_BUSI_with_GT/benign/benign (214)_mask.png,929d7cdb79da0222f817b02fd29e94d3,cdda321fb6c080fc,202,False,trainval,1
/kaggle/input/datasets/aryashah2k/breast-ultrasound-images-dataset/Dataset_BUSI_with_GT/benign/benign (215).png,benign (215).png,benign,600,396,RGB,1,/kaggle/input/datasets/aryashah2k/breast-ultrasound-images-dataset/Dataset_BUSI_with_GT/benign/benign (215)_mask.png,78e45f1b465eec1a00f3300dc24f95cb,cd9623bad13ca686,190,False,trainval,0
/kaggle/input/datasets/aryashah2k/breast-ultrasound-images-dataset/Dataset_BUSI_with_GT/benign/benign (216).png,benign (216).png,benign,646,386,RGB,1,/kaggle/input/datasets/aryashah2k/breast-ultrasound-images-dataset/Dataset_BUSI_with_GT/benign/benign (216)_mask.png,1d429640f4aec66e110337957fb1932f,c99536c585f4a5d1,184,False,trainval,1
/kaggle/input/datasets/aryashah2k/breast-ultrasound-images-dataset/Dataset_BUSI_with_GT/benign/benign (217).png,benign (217).png,benign,603,396,RGB,1,/kaggle/input/datasets/aryashah2k/breast-ultrasound-images-dataset/Dataset_BUSI_with_GT/benign/benign (217)_mask.png,93a96157b4bb8ee195b9134630507cb7,c3abee949896c0f2,187,False,test,-1
/kaggle/input/datasets/aryashah2k/breast-ultrasound-images-dataset/Dataset_BUSI_with_GT/benign/benign (218).png,benign (218).png,benign,602,396,RGB,1,/kaggle/input/datasets/aryashah2k/breast-ultrasound-images-dataset/Dataset_BUSI_with_GT/benign/benign (218)_mask.png,32b5f6b006395094ca14429f4bb4bd36,f9a00e1acb96e563,218,False,trainval,1
/kaggle/input/datasets/aryashah2k/breast-ultrasound-images-dataset/Dataset_BUSI_with_GT/benign/benign (219).png,benign (219).png,benign,608,396,RGB,1,/kaggle/input/datasets/aryashah2k/breast-ultrasound-images-dataset/Dataset_BUSI_with_GT/benign/benign (219)_mask.png,dbc18c5c3b1ffdc8a76df05c308eab58,e4c99a362178f4e5,192,False,trainval,4
/kaggle/input/datasets/aryashah2k/breast-ultrasound-images-dataset/Dataset_BUSI_with_GT/benign/benign (22).png,benign (22).png,benign,562,463,RGB,1,/kaggle/input/datasets/aryashah2k/breast-ultrasound-images-dataset/Dataset_BUSI_with_GT/benign/benign (22)_mask.png,ed96231690475d1aa62313e08b2fde56,ecb3ce2931c48cb3,134,False,trainval,3
/kaggle/input/datasets/aryashah2k/breast-ultrasound-images-dataset/Dataset_BUSI_with_GT/benign/benign (220).png,benign (220).png,benign,609,396,RGB,1,/kaggle/input/datasets/aryashah2k/breast-ultrasound-images-dataset/Dataset_BUSI_with_GT/benign/benign (220)_mask.png,1e8353de59bc061b8bab622adaac7263,99e484e37a9b89ac,135,False,trainval,0
/kaggle/input/datasets/aryashah2k/breast-ultrasound-images-dataset/Dataset_BUSI_with_GT/benign/benign (221).png,benign (221).png,benign,610,394,RGB,1,/kaggle/input/datasets/aryashah2k/breast-ultrasound-images-dataset/Dataset_BUSI_with_GT/benign/benign (221)_mask.png,31113537dca42d94ecd0578efc78b35c,9639a9c2e0f5bf80,136,False,test,-1
/kaggle/input/datasets/aryashah2k/breast-ultrasound-images-dataset/Dataset_BUSI_with_GT/benign/benign (222).png,benign (222).png,benign,605,392,RGB,1,/kaggle/input/datasets/aryashah2k/breast-ultrasound-images-dataset/Dataset_BUSI_with_GT/benign/benign (222)_mask.png,3241a299b06f89ca254fd3ad64ca4716,94fd4b92b0c18ab7,186,False,trainval,2
/kaggle/input/datasets/aryashah2k/breast-ultrasound-images-dataset/Dataset_BUSI_with_GT/benign/benign (223).png,benign (223).png,benign,562,465,RGB,1,/kaggle/input/datasets/aryashah2k/breast-ultrasound-images-dataset/Dataset_BUSI_with_GT/benign/benign (223)_mask.png,2926d4ff1d46c17db6a74466923f53e4,9cdc62a0e196e7b1,175,False,trainval,0
/kaggle/input/datasets/aryashah2k/breast-ultrasound-images-dataset/Dataset_BUSI_with_GT/benign/benign (224).png,benign (224).png,benign,568,469,RGB,1,/kaggle/input/datasets/aryashah2k/breast-ultrasound-images-dataset/Dataset_BUSI_with_GT/benign/benign (224)_mask.png,facafba474f08bf84a0b7ee052a57767,d9b0164bd9f544a5,139,False,trainval,1
/kaggle/input/datasets/aryashah2k/breast-ultrasound-images-dataset/Dataset_BUSI_with_GT/benign/benign (225).png,benign (225).png,benign,558,473,RGB,1,/kaggle/input/datasets/aryashah2k/breast-ultrasound-images-dataset/Dataset_BUSI_with_GT/benign/benign (225)_mask.png,c2772acbcc799ca34c926fc0ce611c0a,88f87567d284ecc9,215,False,trainval,2
/kaggle/input/datasets/aryashah2k/breast-ultrasound-images-dataset/Dataset_BUSI_with_GT/benign/benign (226).png,benign (226).png,benign,555,469,RGB,1,/kaggle/input/datasets/aryashah2k/breast-ultrasound-images-dataset/Dataset_BUSI_with_GT/benign/benign (226)_mask.png,d3ffe8234d58b4c239cd80e3678c0915,d0ef2c61fa944de0,198,False,trainval,3
/kaggle/input/datasets/aryashah2k/breast-ultrasound-images-dataset/Dataset_BUSI_with_GT/benign/benign (227).png,benign (227).png,benign,567,468,RGB,1,/kaggle/input/datasets/aryashah2k/breast-ultrasound-images-dataset/Dataset_BUSI_with_GT/benign/benign (227)_mask.png,534f31b05878e18c2c1135b96037e8cd,83ea54ada5a057b6,168,False,trainval,3
/kaggle/input/datasets/aryashah2k/breast-ultrasound-images-dataset/Dataset_BUSI_with_GT/benign/benign (228).png,benign (228).png,benign,563,469,RGB,1,/kaggle/input/datasets/aryashah2k/breast-ultrasound-images-dataset/Dataset_BUSI_with_GT/benign/benign (228)_mask.png,6eefeab599e46691541771635e593e17,d0962e69a66a7aca,230,False,trainval,1
/kaggle/input/datasets/aryashah2k/breast-ultrasound-images-dataset/Dataset_BUSI_with_GT/benign/benign (229).png,benign (229).png,benign,564,470,RGB,1,/kaggle/input/datasets/aryashah2k/breast-ultrasound-images-dataset/Dataset_BUSI_with_GT/benign/benign (229)_mask.png,8fde1e536d8132a71cd701a58fcffe28,9998d8aa6665f598,201,False,trainval,4
/kaggle/input/datasets/aryashah2k/breast-ultrasound-images-dataset/Dataset_BUSI_with_GT/benign/benign (23).png,benign (23).png,benign,779,583,RGB,1,/kaggle/input/datasets/aryashah2k/breast-ultrasound-images-dataset/Dataset_BUSI_with_GT/benign/benign (23)_mask.png,a798efad39600b98f114c7836da36382,ade6192ee6c999a0,145,False,trainval,2
/kaggle/input/datasets/aryashah2k/breast-ultrasound-images-dataset/Dataset_BUSI_with_GT/benign/benign (230).png,benign (230).png,benign,566,470,RGB,1,/kaggle/input/datasets/aryashah2k/breast-ultrasound-images-dataset/Dataset_BUSI_with_GT/benign/benign (230)_mask.png,77821f475f9441d7be9b83b935bc3c58,c59cbef26ce8c290,170,False,test,-1
/kaggle/input/datasets/aryashah2k/breast-ultrasound-images-dataset/Dataset_BUSI_with_GT/benign/benign (231).png,benign (231).png,benign,561,472,RGB,1,/kaggle/input/datasets/aryashah2k/breast-ultrasound-images-dataset/Dataset_BUSI_with_GT/benign/benign (231)_mask.png,d35fc67f8a744ff11b5e76956ca5e34d,9ae22dcd30d0cf8b,217,False,trainval,4
/kaggle/input/datasets/aryashah2k/breast-ultrasound-images-dataset/Dataset_BUSI_with_GT/benign/benign (232).png,benign (232).png,benign,562,469,RGB,1,/kaggle/input/datasets/aryashah2k/breast-ultrasound-images-dataset/Dataset_BUSI_with_GT/benign/benign (232)_mask.png,94f2f6f668d3734568b13a31ed4329d7,c8d0378f99a6aca5,208,False,trainval,3
/kaggle/input/datasets/aryashah2k/breast-ultrasound-images-dataset/Dataset_BUSI_with_GT/benign/benign (233).png,benign (233).png,benign,557,471,RGB,1,/kaggle/input/datasets/aryashah2k/breast-ultrasound-images-dataset/Dataset_BUSI_with_GT/benign/benign (233)_mask.png,82ab0ba9dbcef93bceae59ce0b79fead,e696fb6b25088c9c,221,False,trainval,1
/kaggle/input/datasets/aryashah2k/breast-ultrasound-images-dataset/Dataset_BUSI_with_GT/benign/benign (234).png,benign (234).png,benign,562,469,RGB,1,/kaggle/input/datasets/aryashah2k/breast-ultrasound-images-dataset/Dataset_BUSI_with_GT/benign/benign (234)_mask.png,522672f2a6a32f6a9401838ce92a8cbc,c495b9cec2e0aca7,180,False,trainval,2
/kaggle/input/datasets/aryashah2k/breast-ultrasound-images-dataset/Dataset_BUSI_with_GT/benign/benign (235).png,benign (235).png,benign,560,468,RGB,1,/kaggle/input/datasets/aryashah2k/breast-ultrasound-images-dataset/Dataset_BUSI_with_GT/benign/benign (235)_mask.png,ca3aa1a25a97c284c658a71e3f7bc843,c1e8ff7e3e8884c0,216,False,trainval,3
/kaggle/input/datasets/aryashah2k/breast-ultrasound-images-dataset/Dataset_BUSI_with_GT/benign/benign (236).png,benign (236).png,benign,566,469,RGB,1,/kaggle/input/datasets/aryashah2k/breast-ultrasound-images-dataset/Dataset_BUSI_with_GT/benign/benign (236)_mask.png,e625112bd6e9c8c585305d3cd95040b6,a0e433c3cf9e949c,164,False,trainval,4
/kaggle/input/datasets/aryashah2k/breast-ultrasound-images-dataset/Dataset_BUSI_with_GT/benign/benign (237).png,benign (237).png,benign,558,473,RGB,1,/kaggle/input/datasets/aryashah2k/breast-ultrasound-images-dataset/Dataset_BUSI_with_GT/benign/benign (237)_mask.png,a18846ab4ec70b6edf99d6db40050eb7,f1a18eda9e8d24e1,153,False,trainval,3
/kaggle/input/datasets/aryashah2k/breast-ultrasound-images-dataset/Dataset_BUSI_with_GT/benign/benign (238).png,benign (238).png,benign,556,469,RGB,1,/kaggle/input/datasets/aryashah2k/breast-ultrasound-images-dataset/Dataset_BUSI_with_GT/benign/benign (238)_mask.png,a205eff1b1e8039e00731710347af477,a2bacdcd21382eb3,224,False,test,-1
/kaggle/input/datasets/aryashah2k/breast-ultrasound-images-dataset/Dataset_BUSI_with_GT/benign/benign (239).png,benign (239).png,benign,560,473,RGB,1,/kaggle/input/datasets/aryashah2k/breast-ultrasound-images-dataset/Dataset_BUSI_with_GT/benign/benign (239)_mask.png,2dc42ec45aac78ebad3470648f0e5d24,e496f83199d94aa6,176,False,test,-1
/kaggle/input/datasets/aryashah2k/breast-ultrasound-images-dataset/Dataset_BUSI_with_GT/benign/benign (24).png,benign (24).png,benign,556,467,RGB,1,/kaggle/input/datasets/aryashah2k/breast-ultrasound-images-dataset/Dataset_BUSI_with_GT/benign/benign (24)_mask.png,9dae9a120dec8a290cbfc3d4e383820c,c8b45beae4999866,156,False,trainval,0
/kaggle/input/datasets/aryashah2k/breast-ultrasound-images-dataset/Dataset_BUSI_with_GT/benign/benign (240).png,benign (240).png,benign,556,473,RGB,1,/kaggle/input/datasets/aryashah2k/breast-ultrasound-images-dataset/Dataset_BUSI_with_GT/benign/benign (240)_mask.png,5e34dae729281184f812fb5846bfb138,b3bfc4c4a13893b1,197,False,test,-1
/kaggle/input/datasets/aryashah2k/breast-ultrasound-images-dataset/Dataset_BUSI_with_GT/benign/benign (241).png,benign (241).png,benign,562,471,RGB,1,/kaggle/input/datasets/aryashah2k/breast-ultrasound-images-dataset/Dataset_BUSI_with_GT/benign/benign (241)_mask.png,ae9b8b14923ea571b1b3edad5555f475,f4ba68e8888383df,199,False,trainval,1
/kaggle/input/datasets/aryashah2k/breast-ultrasound-images-dataset/Dataset_BUSI_with_GT/benign/benign (242).png,benign (242).png,benign,556,474,RGB,1,/kaggle/input/datasets/aryashah2k/breast-ultrasound-images-dataset/Dataset_BUSI_with_GT/benign/benign (242)_mask.png,efc3086c1a5791981b8156f879fc336c,9cf00b27c58f2bb2,159,False,trainval,1
/kaggle/input/datasets/aryashah2k/breast-ultrasound-images-dataset/Dataset_BUSI_with_GT/benign/benign (243).png,benign (243).png,benign,561,473,RGB,1,/kaggle/input/datasets/aryashah2k/breast-ultrasound-images-dataset/Dataset_BUSI_with_GT/benign/benign (243)_mask.png,c8df3210905c52a16010221737666e0d,e6ed10f8be8790d0,160,False,trainval,2
/kaggle/input/datasets/aryashah2k/breast-ultrasound-images-dataset/Dataset_BUSI_with_GT/benign/benign (244).png,benign (244).png,benign,561,475,RGB,1,/kaggle/input/datasets/aryashah2k/breast-ultrasound-images-dataset/Dataset_BUSI_with_GT/benign/benign (244)_mask.png,e8faee40c8c11c77cad1d80e1e197f1c,cdd0903bbbb2d584,169,False,trainval,4
/kaggle/input/datasets/aryashah2k/breast-ultrasound-images-dataset/Dataset_BUSI_with_GT/benign/benign (245).png,benign (245).png,benign,560,465,RGB,1,/kaggle/input/datasets/aryashah2k/breast-ultrasound-images-dataset/Dataset_BUSI_with_GT/benign/benign (245)_mask.png,61a564cdb51bcfede16eade2a36f087b,eec29918b9f380dc,162,False,test,-1
/kaggle/input/datasets/aryashah2k/breast-ultrasound-images-dataset/Dataset_BUSI_with_GT/benign/benign (246).png,benign (246).png,benign,526,331,RGB,1,/kaggle/input/datasets/aryashah2k/breast-ultrasound-images-dataset/Dataset_BUSI_with_GT/benign/benign (246)_mask.png,63e270ea535b66eeef12f981fa3a75e8,963dadc2c275bd80,163,False,trainval,2
/kaggle/input/datasets/aryashah2k/breast-ultrasound-images-dataset/Dataset_BUSI_with_GT/benign/benign (247).png,benign (247).png,benign,469,396,RGB,1,/kaggle/input/datasets/aryashah2k/breast-ultrasound-images-dataset/Dataset_BUSI_with_GT/benign/benign (247)_mask.png,7da701f97309360f1c0aadb52e0bcac5,a8e432c3cf9e949c,164,False,trainval,4
/kaggle/input/datasets/aryashah2k/breast-ultrasound-images-dataset/Dataset_BUSI_with_GT/benign/benign (248).png,benign (248).png,benign,472,385,RGB,1,/kaggle/input/datasets/aryashah2k/breast-ultrasound-images-dataset/Dataset_BUSI_with_GT/benign/benign (248)_mask.png,879e9eb7be41f79003a2f30f331848f6,f9dc088a97e0b29e,165,False,trainval,0
/kaggle/input/datasets/aryashah2k/breast-ultrasound-images-dataset/Dataset_BUSI_with_GT/benign/benign (249).png,benign (249).png,benign,465,395,RGB,1,/kaggle/input/datasets/aryashah2k/breast-ultrasound-images-dataset/Dataset_BUSI_with_GT/benign/benign (249)_mask.png,92e7217f35a929305e07a7162bd82d91,84b77bca88acd496,203,False,trainval,4
/kaggle/input/datasets/aryashah2k/breast-ultrasound-images-dataset/Dataset_BUSI_with_GT/benign/benign (25).png,benign (25).png,benign,770,583,RGB,2,/kaggle/input/datasets/aryashah2k/breast-ultrasound-images-dataset/Dataset_BUSI_with_GT/benign/benign (25)_mask.png|/kaggle/input/datasets/aryashah2k/breast-ultrasound-images-dataset/Dataset_BUSI_with_GT/benign/benign (25)_mask_1.png,08dc9e43cb86ce9d602d5459084bf833,cca624da5b1a5ac7,167,False,trainval,1
/kaggle/input/datasets/aryashah2k/breast-ultrasound-images-dataset/Dataset_BUSI_with_GT/benign/benign (250).png,benign (250).png,benign,469,394,RGB,1,/kaggle/input/datasets/aryashah2k/breast-ultrasound-images-dataset/Dataset_BUSI_with_GT/benign/benign (250)_mask.png,6f7fb11f21674df7d7376b9f323ce092,93ea50afa5a055b6,168,False,trainval,3
/kaggle/input/datasets/aryashah2k/breast-ultrasound-images-dataset/Dataset_BUSI_with_GT/benign/benign (251).png,benign (251).png,benign,467,387,RGB,1,/kaggle/input/datasets/aryashah2k/breast-ultrasound-images-dataset/Dataset_BUSI_with_GT/benign/benign (251)_mask.png,177e5a1146c9bfbe5b3cd83c39e3e2bb,ccd0913bbbb2d584,169,False,trainval,4
/kaggle/input/datasets/aryashah2k/breast-ultrasound-images-dataset/Dataset_BUSI_with_GT/benign/benign (252).png,benign (252).png,benign,473,398,RGB,1,/kaggle/input/datasets/aryashah2k/breast-ultrasound-images-dataset/Dataset_BUSI_with_GT/benign/benign (252)_mask.png,1e4c75d1775a9b8dea2eb638f37102f6,c59cbef26ce8c282,170,False,test,-1
/kaggle/input/datasets/aryashah2k/breast-ultrasound-images-dataset/Dataset_BUSI_with_GT/benign/benign (253).png,benign (253).png,benign,463,383,RGB,1,/kaggle/input/datasets/aryashah2k/breast-ultrasound-images-dataset/Dataset_BUSI_with_GT/benign/benign (253)_mask.png,ebb2275753ae881a29a213cb39189f32,908c4a5b7cf7c6a4,171,False,trainval,3
/kaggle/input/datasets/aryashah2k/breast-ultrasound-images-dataset/Dataset_BUSI_with_GT/benign/benign (254).png,benign (254).png,benign,473,389,RGB,1,/kaggle/input/datasets/aryashah2k/breast-ultrasound-images-dataset/Dataset_BUSI_with_GT/benign/benign (254)_mask.png,88e3747ca787028cd0a4dbb9d9a213b9,c9883e128acadcbf,172,False,trainval,3
/kaggle/input/datasets/aryashah2k/breast-ultrasound-images-dataset/Dataset_BUSI_with_GT/benign/benign (255).png,benign (255).png,benign,473,389,RGB,1,/kaggle/input/datasets/aryashah2k/breast-ultrasound-images-dataset/Dataset_BUSI_with_GT/benign/benign (255)_mask.png,e0fff2c11ddaad67b2f0951ac72a8128,b7b5c4c5a13893b1,197,False,test,-1
/kaggle/input/datasets/aryashah2k/breast-ultrasound-images-dataset/Dataset_BUSI_with_GT/benign/benign (256).png,benign (256).png,benign,469,395,RGB,1,/kaggle/input/datasets/aryashah2k/breast-ultrasound-images-dataset/Dataset_BUSI_with_GT/benign/benign (256)_mask.png,e6c1bc2575bc664a8a143ae01f22ebfc,fdb04aebc1d38588,174,False,trainval,4
/kaggle/input/datasets/aryashah2k/breast-ultrasound-images-dataset/Dataset_BUSI_with_GT/benign/benign (257).png,benign (257).png,benign,467,392,RGB,1,/kaggle/input/datasets/aryashah2k/breast-ultrasound-images-dataset/Dataset_BUSI_with_GT/benign/benign (257)_mask.png,5b1f0b035dba2421fdcedda4375ccabd,9cdc62a0e196e6f1,175,False,trainval,0
/kaggle/input/datasets/aryashah2k/breast-ultrasound-images-dataset/Dataset_BUSI_with_GT/benign/benign (258).png,benign (258).png,benign,462,389,RGB,1,/kaggle/input/datasets/aryashah2k/breast-ultrasound-images-dataset/Dataset_BUSI_with_GT/benign/benign (258)_mask.png,7c318fc00bbfb74c3be053027d981245,e496f83199d94aa6,176,False,test,-1
/kaggle/input/datasets/aryashah2k/breast-ultrasound-images-dataset/Dataset_BUSI_with_GT/benign/benign (259).png,benign (259).png,benign,465,390,RGB,1,/kaggle/input/datasets/aryashah2k/breast-ultrasound-images-dataset/Dataset_BUSI_with_GT/benign/benign (259)_mask.png,6a027ffd31d386879ef1cfe1e57a1b2e,9990d8aa6765f598,201,False,trainval,4
/kaggle/input/datasets/aryashah2k/breast-ultrasound-images-dataset/Dataset_BUSI_with_GT/benign/benign (26).png,benign (26).png,benign,554,471,RGB,1,/kaggle/input/datasets/aryashah2k/breast-ultrasound-images-dataset/Dataset_BUSI_with_GT/benign/benign (26)_mask.png,2a8f14048be7132e78b575c6d8436c7f,f8b3a7ccc03c1647,178,False,trainval,1
/kaggle/input/datasets/aryashah2k/breast-ultrasound-images-dataset/Dataset_BUSI_with_GT/benign/benign (260).png,benign (260).png,benign,498,331,RGB,1,/kaggle/input/datasets/aryashah2k/breast-ultrasound-images-dataset/Dataset_BUSI_with_GT/benign/benign (260)_mask.png,2165a4c157f12a1f014d8a86746c1458,cdda321fb4c0a0fc,202,False,trainval,1
/kaggle/input/datasets/aryashah2k/breast-ultrasound-images-dataset/Dataset_BUSI_with_GT/benign/benign (261).png,benign (261).png,benign,469,386,RGB,1,/kaggle/input/datasets/aryashah2k/breast-ultrasound-images-dataset/Dataset_BUSI_with_GT/benign/benign (261)_mask.png,267758ed5eaccb5246999426cf4f98c3,c495b9cec2e0aca7,180,False,trainval,2
/kaggle/input/datasets/aryashah2k/breast-ultrasound-images-dataset/Dataset_BUSI_with_GT/benign/benign (262).png,benign (262).png,benign,471,401,RGB,1,/kaggle/input/datasets/aryashah2k/breast-ultrasound-images-dataset/Dataset_BUSI_with_GT/benign/benign (262)_mask.png,1a24739a15740cd88830d6369f6fa582,86b96c58f99bc4a4,181,False,trainval,0
/kaggle/input/datasets/aryashah2k/breast-ultrasound-images-dataset/Dataset_BUSI_with_GT/benign/benign (263).png,benign (263).png,benign,465,390,RGB,1,/kaggle/input/datasets/aryashah2k/breast-ultrasound-images-dataset/Dataset_BUSI_with_GT/benign/benign (263)_mask.png,015bc6b36c6f2ea0e88fc3a593ca5a24,d0ef2c61fa944de0,198,False,trainval,3
/kaggle/input/datasets/aryashah2k/breast-ultrasound-images-dataset/Dataset_BUSI_with_GT/benign/benign (264).png,benign (264).png,benign,462,391,RGB,1,/kaggle/input/datasets/aryashah2k/breast-ultrasound-images-dataset/Dataset_BUSI_with_GT/benign/benign (264)_mask.png,faed64274d3ca122f3098c38be4c8b10,f1a38eda9c0d05e3,183,False,trainval,0
/kaggle/input/datasets/aryashah2k/breast-ultrasound-images-dataset/Dataset_BUSI_with_GT/benign/benign (265).png,benign (265).png,benign,544,328,RGB,1,/kaggle/input/datasets/aryashah2k/breast-ultrasound-images-dataset/Dataset_BUSI_with_GT/benign/benign (265)_mask.png,bf9399395c8a940fc57f467dc8020a47,c99536c585f4a5d1,184,False,trainval,1
/kaggle/input/datasets/aryashah2k/breast-ultrasound-images-dataset/Dataset_BUSI_with_GT/benign/benign (266).png,benign (266).png,benign,462,389,RGB,1,/kaggle/input/datasets/aryashah2k/breast-ultrasound-images-dataset/Dataset_BUSI_with_GT/benign/benign (266)_mask.png,316ba3ef19fd33570d61568f74a587c8,f4ba68c8898383df,199,False,trainval,1
/kaggle/input/datasets/aryashah2k/breast-ultrasound-images-dataset/Dataset_BUSI_with_GT/benign/benign (267).png,benign (267).png,benign,500,327,RGB,1,/kaggle/input/datasets/aryashah2k/breast-ultrasound-images-dataset/Dataset_BUSI_with_GT/benign/benign (267)_mask.png,677eca936f38db53e315466519f24415,94fd4b92b0c18ab7,186,False,trainval,2
/kaggle/input/datasets/aryashah2k/breast-ultrasound-images-dataset/Dataset_BUSI_with_GT/benign/benign (268).png,benign (268).png,benign,506,330,RGB,1,/kaggle/input/datasets/aryashah2k/breast-ultrasound-images-dataset/Dataset_BUSI_with_GT/benign/benign (268)_mask.png,26d48a795904afa98c0aff61d454b484,c3abee969896c0d2,187,False,test,-1
/kaggle/input/datasets/aryashah2k/breast-ultrasound-images-dataset/Dataset_BUSI_with_GT/benign/benign (269).png,benign (269).png,benign,465,390,RGB,1,/kaggle/input/datasets/aryashah2k/breast-ultrasound-images-dataset/Dataset_BUSI_with_GT/benign/benign (269)_mask.png,4835dec407ed1c2ccb49293491ca4a04,84b07dd4f4d193a3,647,True,excluded,-1
/kaggle/input/datasets/aryashah2k/breast-ultrasound-images-dataset/Dataset_BUSI_with_GT/benign/benign (27).png,benign (27).png,benign,774,576,RGB,1,/kaggle/input/datasets/aryashah2k/breast-ultrasound-images-dataset/Dataset_BUSI_with_GT/benign/benign (27)_mask.png,07f629f8d37149234c1f72593b9749ae,8ca67a199b933cc6,189,False,trainval,3
/kaggle/input/datasets/aryashah2k/breast-ultrasound-images-dataset/Dataset_BUSI_with_GT/benign/benign (270).png,benign (270).png,benign,500,328,RGB,1,/kaggle/input/datasets/aryashah2k/breast-ultrasound-images-dataset/Dataset_BUSI_with_GT/benign/benign (270)_mask.png,114b8f0396c64b1c8229916a233ce4d1,cdb623bad13c8686,190,False,trainval,0
/kaggle/input/datasets/aryashah2k/breast-ultrasound-images-dataset/Dataset_BUSI_with_GT/benign/benign (271).png,benign (271).png,benign,510,324,RGB,1,/kaggle/input/datasets/aryashah2k/breast-ultrasound-images-dataset/Dataset_BUSI_with_GT/benign/benign (271)_mask.png,973d97839423e275261416e352b3cf68,99e484e37a9bac94,191,False,trainval,2
/kaggle/input/datasets/aryashah2k/breast-ultrasound-images-dataset/Dataset_BUSI_with_GT/benign/benign (272).png,benign (272).png,benign,498,326,RGB,1,/kaggle/input/datasets/aryashah2k/breast-ultrasound-images-dataset/Dataset_BUSI_with_GT/benign/benign (272)_mask.png,644f620266243580f64632525b84663c,e5c99a2621787ce5,192,False,trainval,4
/kaggle/input/datasets/aryashah2k/breast-ultrasound-images-dataset/Dataset_BUSI_with_GT/benign/benign (273).png,benign (273).png,benign,560,469,RGB,1,/kaggle/input/datasets/aryashah2k/breast-ultrasound-images-dataset/Dataset_BUSI_with_GT/benign/benign (273)_mask.png,ae01bb7cdbc49bbd7f45e14d3e9fe031,9cda6135da16b4ca,210,False,trainval,0
/kaggle/input/datasets/aryashah2k/breast-ultrasound-images-dataset/Dataset_BUSI_with_GT/benign/benign (274).png,benign (274).png,benign,556,471,RGB,1,/kaggle/input/datasets/aryashah2k/breast-ultrasound-images-dataset/Dataset_BUSI_with_GT/benign/benign (274)_mask.png,30d66d7b641ca32368319a13cff00d13,bde1428acadcb8b4,212,False,trainval,2
/kaggle/input/datasets/aryashah2k/breast-ultrasound-images-dataset/Dataset_BUSI_with_GT/benign/benign (275).png,benign (275).png,benign,556,463,RGB,1,/kaggle/input/datasets/aryashah2k/breast-ultrasound-images-dataset/Dataset_BUSI_with_GT/benign/benign (275)_mask.png,774c72d16f9de8bd970e72f8ec7ec3a1,c6ec3b1b499998e4,219,False,trainval,1
/kaggle/input/datasets/aryashah2k/breast-ultrasound-images-dataset/Dataset_BUSI_with_GT/benign/benign (276).png,benign (276).png,benign,550,474,RGB,1,/kaggle/input/datasets/aryashah2k/breast-ultrasound-images-dataset/Dataset_BUSI_with_GT/benign/benign (276)_mask.png,41b1c9dea1eaa1bb15a677329400c189,c8d0378f9ba6ac85,208,False,trainval,3
/kaggle/input/datasets/aryashah2k/breast-ultrasound-images-dataset/Dataset_BUSI_with_GT/benign/benign (277).png,benign (277).png,benign,556,469,RGB,1,/kaggle/input/datasets/aryashah2k/breast-ultrasound-images-dataset/Dataset_BUSI_with_GT/benign/benign (277)_mask.png,a2ba11efc0addf8934728d5691ddc35f,b3bdc4c5a13893b1,197,False,test,-1
/kaggle/input/datasets/aryashah2k/breast-ultrasound-images-dataset/Dataset_BUSI_with_GT/benign/benign (278).png,benign (278).png,benign,561,464,RGB,1,/kaggle/input/datasets/aryashah2k/breast-ultrasound-images-dataset/Dataset_BUSI_with_GT/benign/benign (278)_mask.png,08e47c689c121b580adc5227e067609e,d0ef2c61bb944de0,198,False,trainval,3
/kaggle/input/datasets/aryashah2k/breast-ultrasound-images-dataset/Dataset_BUSI_with_GT/benign/benign (279).png,benign (279).png,benign,551,467,RGB,1,/kaggle/input/datasets/aryashah2k/breast-ultrasound-images-dataset/Dataset_BUSI_with_GT/benign/benign (279)_mask.png,e1ecb5fd63556eac9e9d056d43acb924,f4ba68e8898383db,199,False,trainval,1
/kaggle/input/datasets/aryashah2k/breast-ultrasound-images-dataset/Dataset_BUSI_with_GT/benign/benign (28).png,benign (28).png,benign,841,696,RGB,1,/kaggle/input/datasets/aryashah2k/breast-ultrasound-images-dataset/Dataset_BUSI_with_GT/benign/benign (28)_mask.png,293ecf1e262a2684061ca47596bebe5e,f6cc18086de2d6ad,200,False,trainval,1
/kaggle/input/datasets/aryashah2k/breast-ultrasound-images-dataset/Dataset_BUSI_with_GT/benign/benign (280).png,benign (280).png,benign,556,471,RGB,1,/kaggle/input/datasets/aryashah2k/breast-ultrasound-images-dataset/Dataset_BUSI_with_GT/benign/benign (280)_mask.png,d4e98df1632426a6877748f74f86d1ee,9990dc8a6675f598,201,False,trainval,4
/kaggle/input/datasets/aryashah2k/breast-ultrasound-images-dataset/Dataset_BUSI_with_GT/benign/benign (281).png,benign (281).png,benign,605,392,RGB,1,/kaggle/input/datasets/aryashah2k/breast-ultrasound-images-dataset/Dataset_BUSI_with_GT/benign/benign (281)_mask.png,66b5e72271f22dd831cda2d2dc0d55ea,cdda3217b4c0b0fc,202,False,trainval,1
/kaggle/input/datasets/aryashah2k/breast-ultrasound-images-dataset/Dataset_BUSI_with_GT/benign/benign (282).png,benign (282).png,benign,560,465,RGB,1,/kaggle/input/datasets/aryashah2k/breast-ultrasound-images-dataset/Dataset_BUSI_with_GT/benign/benign (282)_mask.png,e06eba5d78b4c7de4860686d7b6eb903,84b77bcaa82cd496,203,False,trainval,4
/kaggle/input/datasets/aryashah2k/breast-ultrasound-images-dataset/Dataset_BUSI_with_GT/benign/benign (283).png,benign (283).png,benign,621,508,RGB,1,/kaggle/input/datasets/aryashah2k/breast-ultrasound-images-dataset/Dataset_BUSI_with_GT/benign/benign (283)_mask.png,b967c7ad39eaf6769f98d78dc85aad7b,d3902d6f14b0f38b,204,False,trainval,0
/kaggle/input/datasets/aryashah2k/breast-ultrasound-images-dataset/Dataset_BUSI_with_GT/benign/benign (284).png,benign (284).png,benign,622,497,RGB,1,/kaggle/input/datasets/aryashah2k/breast-ultrasound-images-dataset/Dataset_BUSI_with_GT/benign/benign (284)_mask.png,c1de359426c100205ca036a353794b94,ceecbb17141426ae,206,False,test,-1
/kaggle/input/datasets/aryashah2k/breast-ultrasound-images-dataset/Dataset_BUSI_with_GT/benign/benign (285).png,benign (285).png,benign,625,494,RGB,1,/kaggle/input/datasets/aryashah2k/breast-ultrasound-images-dataset/Dataset_BUSI_with_GT/benign/benign (285)_mask.png,dcaa968135597ee286e4f68fe108228b,cee8bb17161426ae,206,False,test,-1
/kaggle/input/datasets/aryashah2k/breast-ultrasound-images-dataset/Dataset_BUSI_with_GT/benign/benign (286).png,benign (286).png,benign,620,490,RGB,1,/kaggle/input/datasets/aryashah2k/breast-ultrasound-images-dataset/Dataset_BUSI_with_GT/benign/benign (286)_mask.png,073d34be158904f063f613248b05a7b0,d6feb980c0c14f3c,207,False,trainval,2
/kaggle/input/datasets/aryashah2k/breast-ultrasound-images-dataset/Dataset_BUSI_with_GT/benign/benign (287).png,benign (287).png,benign,466,390,RGB,1,/kaggle/input/datasets/aryashah2k/breast-ultrasound-images-dataset/Dataset_BUSI_with_GT/benign/benign (287)_mask.png,c5dc3d07d0f5b359eed0ab5fe100d27d,c8d0778f99a6ac85,208,False,trainval,3
/kaggle/input/datasets/aryashah2k/breast-ultrasound-images-dataset/Dataset_BUSI_with_GT/benign/benign (288).png,benign (288).png,benign,463,390,RGB,1,/kaggle/input/datasets/aryashah2k/breast-ultrasound-images-dataset/Dataset_BUSI_with_GT/benign/benign (288)_mask.png,f22eef33ded16988177b464c28002a9f,9cf02325c70f2fb2,209,False,trainval,0
/kaggle/input/datasets/aryashah2k/breast-ultrasound-images-dataset/Dataset_BUSI_with_GT/benign/benign (289).png,benign (289).png,benign,468,393,RGB,1,/kaggle/input/datasets/aryashah2k/breast-ultrasound-images-dataset/Dataset_BUSI_with_GT/benign/benign (289)_mask.png,162d35b02a91074f443b4552e51cf0ca,9cda6135da16b4ca,210,False,trainval,0
/kaggle/input/datasets/aryashah2k/breast-ultrasound-images-dataset/Dataset_BUSI_with_GT/benign/benign (29).png,benign (29).png,benign,561,462,RGB,1,/kaggle/input/datasets/aryashah2k/breast-ultrasound-images-dataset/Dataset_BUSI_with_GT/benign/benign (29)_mask.png,a768fe588a550b2d2b55b298236d1845,c8f3b798c0d43ec4,211,False,trainval,1
/kaggle/input/datasets/aryashah2k/breast-ultrasound-images-dataset/Dataset_BUSI_with_GT/benign/benign (290).png,benign (290).png,benign,465,389,RGB,1,/kaggle/input/datasets/aryashah2k/breast-ultrasound-images-dataset/Dataset_BUSI_with_GT/benign/benign (290)_mask.png,fcbca69d070a29564469ce244b836de2,bde1428acadcb8b4,212,False,trainval,2
/kaggle/input/datasets/aryashah2k/breast-ultrasound-images-dataset/Dataset_BUSI_with_GT/benign/benign (291).png,benign (291).png,benign,462,404,RGB,1,/kaggle/input/datasets/aryashah2k/breast-ultrasound-images-dataset/Dataset_BUSI_with_GT/benign/benign (291)_mask.png,a837f2b510047b619b53c8a5f38708b7,c5bb3a4884e6e3b1,213,False,test,-1
/kaggle/input/datasets/aryashah2k/breast-ultrasound-images-dataset/Dataset_BUSI_with_GT/benign/benign (292).png,benign (292).png,benign,460,391,RGB,1,/kaggle/input/datasets/aryashah2k/breast-ultrasound-images-dataset/Dataset_BUSI_with_GT/benign/benign (292)_mask.png,d2d0a30becde4f8dfd663b1beca75d22,88f87567d284ecc9,215,False,trainval,2
/kaggle/input/datasets/aryashah2k/breast-ultrasound-images-dataset/Dataset_BUSI_with_GT/benign/benign (293).png,benign (293).png,benign,473,389,RGB,1,/kaggle/input/datasets/aryashah2k/breast-ultrasound-images-dataset/Dataset_BUSI_with_GT/benign/benign (293)_mask.png,4b83a3901fd3a341941e5a2a94908923,88f87567d084eccd,215,False,trainval,2
/kaggle/input/datasets/aryashah2k/breast-ultrasound-images-dataset/Dataset_BUSI_with_GT/benign/benign (294).png,benign (294).png,benign,469,394,RGB,1,/kaggle/input/datasets/aryashah2k/breast-ultrasound-images-dataset/Dataset_BUSI_with_GT/benign/benign (294)_mask.png,6ae52b3ef743b1ced3020584aaf939fc,c1e8ff7e3e8884c0,216,False,trainval,3
/kaggle/input/datasets/aryashah2k/breast-ultrasound-images-dataset/Dataset_BUSI_with_GT/benign/benign (295).png,benign (295).png,benign,472,387,RGB,1,/kaggle/input/datasets/aryashah2k/breast-ultrasound-images-dataset/Dataset_BUSI_with_GT/benign/benign (295)_mask.png,30f637a623602789cecb06a4d7e55254,9ae22dcd30c0df8b,217,False,trainval,4
/kaggle/input/datasets/aryashah2k/breast-ultrasound-images-dataset/Dataset_BUSI_with_GT/benign/benign (296).png,benign (296).png,benign,503,328,RGB,1,/kaggle/input/datasets/aryashah2k/breast-ultrasound-images-dataset/Dataset_BUSI_with_GT/benign/benign (296)_mask.png,04b7684f3b54fa255b1eda2adfdff8a1,f9a00e1acb96ed61,218,False,trainval,1
/kaggle/input/datasets/aryashah2k/breast-ultrasound-images-dataset/Dataset_BUSI_with_GT/benign/benign (297).png,benign (297).png,benign,467,390,RGB,1,/kaggle/input/datasets/aryashah2k/breast-ultrasound-images-dataset/Dataset_BUSI_with_GT/benign/benign (297)_mask.png,f7ccb6d4ff9bc0e0583ed0d4574e8000,c6ec3b1b499598e4,219,False,trainval,1
/kaggle/input/datasets/aryashah2k/breast-ultrasound-images-dataset/Dataset_BUSI_with_GT/benign/benign (298).png,benign (298).png,benign,466,391,RGB,1,/kaggle/input/datasets/aryashah2k/breast-ultrasound-images-dataset/Dataset_BUSI_with_GT/benign/benign (298)_mask.png,dfdd9be506f0c6eecfdd181d0e33c504,c8a33c5c42e9ba97,220,False,test,-1
/kaggle/input/datasets/aryashah2k/breast-ultrasound-images-dataset/Dataset_BUSI_with_GT/benign/benign (299).png,benign (299).png,benign,463,392,RGB,1,/kaggle/input/datasets/aryashah2k/breast-ultrasound-images-dataset/Dataset_BUSI_with_GT/benign/benign (299)_mask.png,9fe68cd2b6a6d1e91198d753f8700d3c,e696fb6b25088c9c,221,False,trainval,1
/kaggle/input/datasets/aryashah2k/breast-ultrasound-images-dataset/Dataset_BUSI_with_GT/benign/benign (3).png,benign (3).png,benign,558,471,RGB,1,/kaggle/input/datasets/aryashah2k/breast-ultrasound-images-dataset/Dataset_BUSI_with_GT/benign/benign (3)_mask.png,0a1273ea3f74e4799c822d7ef9428c12,9ce93b164549e9d2,246,False,trainval,2
/kaggle/input/datasets/aryashah2k/breast-ultrasound-images-dataset/Dataset_BUSI_with_GT/benign/benign (30).png,benign (30).png,benign,557,462,RGB,1,/kaggle/input/datasets/aryashah2k/breast-ultrasound-images-dataset/Dataset_BUSI_with_GT/benign/benign (30)_mask.png,20a973179474ff94b5abade4f25c8ad9,a0a0f95fce8ec2c6,223,False,trainval,3
/kaggle/input/datasets/aryashah2k/breast-ultrasound-images-dataset/Dataset_BUSI_with_GT/benign/benign (300).png,benign (300).png,benign,463,387,RGB,1,/kaggle/input/datasets/aryashah2k/breast-ultrasound-images-dataset/Dataset_BUSI_with_GT/benign/benign (300)_mask.png,739b3ab00fc01ac991a95ec0d69d31d5,a2bacdcda13826b3,224,False,test,-1
/kaggle/input/datasets/aryashah2k/breast-ultrasound-images-dataset/Dataset_BUSI_with_GT/benign/benign (301).png,benign (301).png,benign,463,383,RGB,1,/kaggle/input/datasets/aryashah2k/breast-ultrasound-images-dataset/Dataset_BUSI_with_GT/benign/benign (301)_mask.png,acc1fcaa82c5d98edf131549857dd468,f6d688b10149eafa,225,False,trainval,2
/kaggle/input/datasets/aryashah2k/breast-ultrasound-images-dataset/Dataset_BUSI_with_GT/benign/benign (302).png,benign (302).png,benign,466,390,RGB,1,/kaggle/input/datasets/aryashah2k/breast-ultrasound-images-dataset/Dataset_BUSI_with_GT/benign/benign (302)_mask.png,63655222abe8b8cb393507a9911d3fed,8efc20625bce378a,226,False,trainval,4
/kaggle/input/datasets/aryashah2k/breast-ultrasound-images-dataset/Dataset_BUSI_with_GT/benign/benign (303).png,benign (303).png,benign,463,398,RGB,1,/kaggle/input/datasets/aryashah2k/breast-ultrasound-images-dataset/Dataset_BUSI_with_GT/benign/benign (303)_mask.png,cf21ae104341ce16bf700e1ebce78908,94a26b5bdca45c9c,227,False,trainval,3
/kaggle/input/datasets/aryashah2k/breast-ultrasound-images-dataset/Dataset_BUSI_with_GT/benign/benign (304).png,benign (304).png,benign,467,387,RGB,1,/kaggle/input/datasets/aryashah2k/breast-ultrasound-images-dataset/Dataset_BUSI_with_GT/benign/benign (304)_mask.png,6589725a4de080e5e11cf5bf74a53f8d,d8a0164ad9f547ad,228,False,test,-1
/kaggle/input/datasets/aryashah2k/breast-ultrasound-images-dataset/Dataset_BUSI_with_GT/benign/benign (305).png,benign (305).png,benign,466,389,RGB,1,/kaggle/input/datasets/aryashah2k/breast-ultrasound-images-dataset/Dataset_BUSI_with_GT/benign/benign (305)_mask.png,7c3099488f87b06fc6f1afe8ae6f22e3,ec829938bbf780cc,229,False,trainval,0
/kaggle/input/datasets/aryashah2k/breast-ultrasound-images-dataset/Dataset_BUSI_with_GT/benign/benign (306).png,benign (306).png,benign,471,386,RGB,1,/kaggle/input/datasets/aryashah2k/breast-ultrasound-images-dataset/Dataset_BUSI_with_GT/benign/benign (306)_mask.png,e396a12b2256a4186b81eee94ef256a4,d0962e69a66a7aca,230,False,trainval,1
/kaggle/input/datasets/aryashah2k/breast-ultrasound-images-dataset/Dataset_BUSI_with_GT/benign/benign (307).png,benign (307).png,benign,775,587,RGB,1,/kaggle/input/datasets/aryashah2k/breast-ultrasound-images-dataset/Dataset_BUSI_with_GT/benign/benign (307)_mask.png,f6ed9063524e191419c4467ac2046493,a5bd5aa2e2c5858e,355,False,trainval,1
/kaggle/input/datasets/aryashah2k/breast-ultrasound-images-dataset/Dataset_BUSI_with_GT/benign/benign (308).png,benign (308).png,benign,552,468,RGB,1,/kaggle/input/datasets/aryashah2k/breast-ultrasound-images-dataset/Dataset_BUSI_with_GT/benign/benign (308)_mask.png,440cb571dc11b6b53ae056403fe4ee87,cbbb74b0a4c9178c,232,False,trainval,4
/kaggle/input/datasets/aryashah2k/breast-ultrasound-images-dataset/Dataset_BUSI_with_GT/benign/benign (309).png,benign (309).png,benign,769,487,RGB,1,/kaggle/input/datasets/aryashah2k/breast-ultrasound-images-dataset/Dataset_BUSI_with_GT/benign/benign (309)_mask.png,64428c2bb0ce98302d933a3edca7b511,feefc5e0808391c6,359,False,test,-1
/kaggle/input/datasets/aryashah2k/breast-ultrasound-images-dataset/Dataset_BUSI_with_GT/benign/benign (31).png,benign (31).png,benign,557,467,RGB,1,/kaggle/input/datasets/aryashah2k/breast-ultrasound-images-dataset/Dataset_BUSI_with_GT/benign/benign (31)_mask.png,f644854d06dae3b14a48cb59a33e2497,ebb0501707d39fc1,234,False,trainval,2
/kaggle/input/datasets/aryashah2k/breast-ultrasound-images-dataset/Dataset_BUSI_with_GT/benign/benign (310).png,benign (310).png,benign,544,468,RGB,1,/kaggle/input/datasets/aryashah2k/breast-ultrasound-images-dataset/Dataset_BUSI_with_GT/benign/benign (310)_mask.png,6f879332b5a3f9290f1d0b1af9827436,ecfc8989cc86969a,360,False,trainval,4
/kaggle/input/datasets/aryashah2k/breast-ultrasound-images-dataset/Dataset_BUSI_with_GT/benign/benign (311).png,benign (311).png,benign,549,496,RGB,1,/kaggle/input/datasets/aryashah2k/breast-ultrasound-images-dataset/Dataset_BUSI_with_GT/benign/benign (311)_mask.png,201af2671eaa301b0ea1c4460e429be2,edf5b6a0828aca8e,236,False,trainval,3
/kaggle/input/datasets/aryashah2k/breast-ultrasound-images-dataset/Dataset_BUSI_with_GT/benign/benign (312).png,benign (312).png,benign,552,490,RGB,1,/kaggle/input/datasets/aryashah2k/breast-ultrasound-images-dataset/Dataset_BUSI_with_GT/benign/benign (312)_mask.png,b0e7296cd47c1ba65aa3e177ef993f47,b69bcbccccb22324,358,False,trainval,1
/kaggle/input/datasets/aryashah2k/breast-ultrasound-images-dataset/Dataset_BUSI_with_GT/benign/benign (313).png,benign (313).png,benign,555,468,RGB,1,/kaggle/input/datasets/aryashah2k/breast-ultrasound-images-dataset/Dataset_BUSI_with_GT/benign/benign (313)_mask.png,e969d5384d37fd7d047a7bb11a90086b,cd853232cfe3c998,238,False,test,-1
/kaggle/input/datasets/aryashah2k/breast-ultrasound-images-dataset/Dataset_BUSI_with_GT/benign/benign (314).png,benign (314).png,benign,554,493,RGB,1,/kaggle/input/datasets/aryashah2k/breast-ultrasound-images-dataset/Dataset_BUSI_with_GT/benign/benign (314)_mask.png,dc069756adfaf24c19c732eb64e092e4,b0e78f8e52486376,239,False,trainval,4
/kaggle/input/datasets/aryashah2k/breast-ultrasound-images-dataset/Dataset_BUSI_with_GT/benign/benign (315).png,benign (315).png,benign,551,470,RGB,2,/kaggle/input/datasets/aryashah2k/breast-ultrasound-images-dataset/Dataset_BUSI_with_GT/benign/benign (315)_mask.png|/kaggle/input/datasets/aryashah2k/breast-ultrasound-images-dataset/Dataset_BUSI_with_GT/benign/benign (315)_mask_1.png,a13a2bd63f3630387bf32baa0ae925af,fb8864969aa18bcb,240,False,trainval,0
/kaggle/input/datasets/aryashah2k/breast-ultrasound-images-dataset/Dataset_BUSI_with_GT/benign/benign (316).png,benign (316).png,benign,550,469,RGB,1,/kaggle/input/datasets/aryashah2k/breast-ultrasound-images-dataset/Dataset_BUSI_with_GT/benign/benign (316)_mask.png,d5d0df92cac7abfa7e60de55da749aad,c5cd3d90e87c1e83,363,False,trainval,4
/kaggle/input/datasets/aryashah2k/breast-ultrasound-images-dataset/Dataset_BUSI_with_GT/benign/benign (317).png,benign (317).png,benign,551,491,RGB,1,/kaggle/input/datasets/aryashah2k/breast-ultrasound-images-dataset/Dataset_BUSI_with_GT/benign/benign (317)_mask.png,aef883541d7067def659cba2f9c47e98,dcf1a1831ad6c6c6,242,False,trainval,2
/kaggle/input/datasets/aryashah2k/breast-ultrasound-images-dataset/Dataset_BUSI_with_GT/benign/benign (318).png,benign (318).png,benign,554,465,RGB,1,/kaggle/input/datasets/aryashah2k/breast-ultrasound-images-dataset/Dataset_BUSI_with_GT/benign/benign (318)_mask.png,bb75ade674c7d161d2f8465909179e98,d4e80bc734c5eaa3,243,False,trainval,1
/kaggle/input/datasets/aryashah2k/breast-ultrasound-images-dataset/Dataset_BUSI_with_GT/benign/benign (319).png,benign (319).png,benign,560,467,RGB,1,/kaggle/input/datasets/aryashah2k/breast-ultrasound-images-dataset/Dataset_BUSI_with_GT/benign/benign (319)_mask.png,df221e9a32afa1e041a462872baec510,d1bc62793987c2b8,244,False,trainval,3
/kaggle/input/datasets/aryashah2k/breast-ultrasound-images-dataset/Dataset_BUSI_with_GT/benign/benign (32).png,benign (32).png,benign,656,611,RGB,1,/kaggle/input/datasets/aryashah2k/breast-ultrasound-images-dataset/Dataset_BUSI_with_GT/benign/benign (32)_mask.png,034ce26d595b8f3e680d8f51e9d332e0,92a3ee4e43353c3c,245,False,trainval,0
/kaggle/input/datasets/aryashah2k/breast-ultrasound-images-dataset/Dataset_BUSI_with_GT/benign/benign (320).png,benign (320).png,benign,558,475,RGB,1,/kaggle/input/datasets/aryashah2k/breast-ultrasound-images-dataset/Dataset_BUSI_with_GT/benign/benign (320)_mask.png,8b29715b39dfc4403067143f3ab0c07f,9ce93b162549e9d2,246,False,trainval,2
/kaggle/input/datasets/aryashah2k/breast-ultrasound-images-dataset/Dataset_BUSI_with_GT/benign/benign (321).png,benign (321).png,benign,546,467,RGB,1,/kaggle/input/datasets/aryashah2k/breast-ultrasound-images-dataset/Dataset_BUSI_with_GT/benign/benign (321)_mask.png,f0b2988d79fb967f224f2792ea83bcd7,c897777829cf428a,333,False,trainval,4
/kaggle/input/datasets/aryashah2k/breast-ultrasound-images-dataset/Dataset_BUSI_with_GT/benign/benign (322).png,benign (322).png,benign,555,491,RGB,1,/kaggle/input/datasets/aryashah2k/breast-ultrasound-images-dataset/Dataset_BUSI_with_GT/benign/benign (322)_mask.png,515ff689788fe5208ed9b47476f98e11,94e06b8fd391accc,382,False,trainval,4
/kaggle/input/datasets/aryashah2k/breast-ultrasound-images-dataset/Dataset_BUSI_with_GT/benign/benign (323).png,benign (323).png,benign,560,468,RGB,1,/kaggle/input/datasets/aryashah2k/breast-ultrasound-images-dataset/Dataset_BUSI_with_GT/benign/benign (323)_mask.png,c822a2d39d4f6db9cd7bfac8a1383a48,97aded929260616d,393,False,trainval,0
/kaggle/input/datasets/aryashah2k/breast-ultrasound-images-dataset/Dataset_BUSI_with_GT/benign/benign (324).png,benign (324).png,benign,626,583,RGB,1,/kaggle/input/datasets/aryashah2k/breast-ultrasound-images-dataset/Dataset_BUSI_with_GT/benign/benign (324)_mask.png,2d37b691ba4b0a376c8903b5494aa84a,d6f92547663e88a1,404,False,trainval,1
/kaggle/input/datasets/aryashah2k/breast-ultrasound-images-dataset/Dataset_BUSI_with_GT/benign/benign (325).png,benign (325).png,benign,613,583,RGB,1,/kaggle/input/datasets/aryashah2k/breast-ultrasound-images-dataset/Dataset_BUSI_with_GT/benign/benign (325)_mask.png,a516b4530aed14397b254e1a1a596ae7,e9a716587c26a6ca,415,False,trainval,4
/kaggle/input/datasets/aryashah2k/breast-ultrasound-images-dataset/Dataset_BUSI_with_GT/benign/benign (326).png,benign (326).png,benign,754,619,RGB,1,/kaggle/input/datasets/aryashah2k/breast-ultrasound-images-dataset/Dataset_BUSI_with_GT/benign/benign (326)_mask.png,5cf7ca0a58774a84df41a7fdf3d4cc3c,c3f8bcc6c0b98e86,252,False,trainval,4
/kaggle/input/datasets/aryashah2k/breast-ultrasound-images-dataset/Dataset_BUSI_with_GT/benign/benign (327).png,benign (327).png,benign,689,578,RGB,1,/kaggle/input/datasets/aryashah2k/breast-ultrasound-images-dataset/Dataset_BUSI_with_GT/benign/benign (327)_mask.png,bf6267d043893d2171356130af3d2cba,fe8e1fe1e18e01c1,253,False,test,-1
/kaggle/input/datasets/aryashah2k/breast-ultrasound-images-dataset/Dataset_BUSI_with_GT/benign/benign (328).png,benign (328).png,benign,685,567,RGB,1,/kaggle/input/datasets/aryashah2k/breast-ultrasound-images-dataset/Dataset_BUSI_with_GT/benign/benign (328)_mask.png,c6508f20e3d31b36f01142e35b6abca8,c1a71cd82db34b66,254,False,trainval,0
/kaggle/input/datasets/aryashah2k/breast-ultrasound-images-dataset/Dataset_BUSI_with_GT/benign/benign (329).png,benign (329).png,benign,665,576,RGB,1,/kaggle/input/datasets/aryashah2k/breast-ultrasound-images-dataset/Dataset_BUSI_with_GT/benign/benign (329)_mask.png,fae5a44a66487265d78f947fd0d01f5a,a5d25e3d62c484be,255,False,trainval,1
/kaggle/input/datasets/aryashah2k/breast-ultrasound-images-dataset/Dataset_BUSI_with_GT/benign/benign (33).png,benign (33).png,benign,556,468,RGB,1,/kaggle/input/datasets/aryashah2k/breast-ultrasound-images-dataset/Dataset_BUSI_with_GT/benign/benign (33)_mask.png,2d298c4c096f9e5ae8f9fb9b6579a124,a09f1ee0e1e15a9d,256,False,trainval,3
/kaggle/input/datasets/aryashah2k/breast-ultrasound-images-dataset/Dataset_BUSI_with_GT/benign/benign (330).png,benign (330).png,benign,669,567,RGB,1,/kaggle/input/datasets/aryashah2k/breast-ultrasound-images-dataset/Dataset_BUSI_with_GT/benign/benign (330)_mask.png,e1a586c66b8407bab62d319c7fc56221,87f0c8cb4f653c92,257,False,trainval,4
/kaggle/input/datasets/aryashah2k/breast-ultrasound-images-dataset/Dataset_BUSI_with_GT/benign/benign (331).png,benign (331).png,benign,695,527,RGB,1,/kaggle/input/datasets/aryashah2k/breast-ultrasound-images-dataset/Dataset_BUSI_with_GT/benign/benign (331)_mask.png,9733c617e94c5e58ce78553801d3980f,cd3112164ddceae3,258,False,trainval,2
/kaggle/input/datasets/aryashah2k/breast-ultrasound-images-dataset/Dataset_BUSI_with_GT/benign/benign (332).png,benign (332).png,benign,703,531,RGB,1,/kaggle/input/datasets/aryashah2k/breast-ultrasound-images-dataset/Dataset_BUSI_with_GT/benign/benign (332)_mask.png,4d16301def72b18711e4a776f532f822,8ef1760e03c4f1b9,259,False,test,-1
/kaggle/input/datasets/aryashah2k/breast-ultrasound-images-dataset/Dataset_BUSI_with_GT/benign/benign (333).png,benign (333).png,benign,777,569,RGB,1,/kaggle/input/datasets/aryashah2k/breast-ultrasound-images-dataset/Dataset_BUSI_with_GT/benign/benign (333)_mask.png,be365dfb72d1d65742a754613d6dc679,c8e0b29f8b88e7e8,622,True,excluded,-1
/kaggle/input/datasets/aryashah2k/breast-ultrasound-images-dataset/Dataset_BUSI_with_GT/benign/benign (334).png,benign (334).png,benign,589,426,RGB,1,/kaggle/input/datasets/aryashah2k/breast-ultrasound-images-dataset/Dataset_BUSI_with_GT/benign/benign (334)_mask.png,772342c13d874d9795f9d54681906dbf,84c87f9887a3e8dc,261,False,trainval,0
/kaggle/input/datasets/aryashah2k/breast-ultrasound-images-dataset/Dataset_BUSI_with_GT/benign/benign (335).png,benign (335).png,benign,681,559,RGB,1,/kaggle/input/datasets/aryashah2k/breast-ultrasound-images-dataset/Dataset_BUSI_with_GT/benign/benign (335)_mask.png,6cf639524640443b906e61846043a1b2,83e69e1458d9c379,262,False,trainval,2
/kaggle/input/datasets/aryashah2k/breast-ultrasound-images-dataset/Dataset_BUSI_with_GT/benign/benign (336).png,benign (336).png,benign,783,585,RGB,1,/kaggle/input/datasets/aryashah2k/breast-ultrasound-images-dataset/Dataset_BUSI_with_GT/benign/benign (336)_mask.png,40f7f1797e75c45b4228e2076a5944c6,b1d45e0a98d2e3a7,263,False,trainval,1
/kaggle/input/datasets/aryashah2k/breast-ultrasound-images-dataset/Dataset_BUSI_with_GT/benign/benign (337).png,benign (337).png,benign,555,487,RGB,1,/kaggle/input/datasets/aryashah2k/breast-ultrasound-images-dataset/Dataset_BUSI_with_GT/benign/benign (337)_mask.png,e34165bba57cad9bd1770508e21276b1,dcc8a3359c1726ec,264,False,trainval,3
/kaggle/input/datasets/aryashah2k/breast-ultrasound-images-dataset/Dataset_BUSI_with_GT/benign/benign (338).png,benign (338).png,benign,611,382,RGB,1,/kaggle/input/datasets/aryashah2k/breast-ultrasound-images-dataset/Dataset_BUSI_with_GT/benign/benign (338)_mask.png,5f2c2fc06ad8d013383c44c49b55623d,d4846ef0fb89891d,265,False,trainval,0
/kaggle/input/datasets/aryashah2k/breast-ultrasound-images-dataset/Dataset_BUSI_with_GT/benign/benign (339).png,benign (339).png,benign,557,465,RGB,1,/kaggle/input/datasets/aryashah2k/breast-ultrasound-images-dataset/Dataset_BUSI_with_GT/benign/benign (339)_mask.png,722e6ffec6eeb0c18e797c158c4dec3f,f1e30e9c2565b1b2,266,False,test,-1
/kaggle/input/datasets/aryashah2k/breast-ultrasound-images-dataset/Dataset_BUSI_with_GT/benign/benign (34).png,benign (34).png,benign,558,471,RGB,1,/kaggle/input/datasets/aryashah2k/breast-ultrasound-images-dataset/Dataset_BUSI_with_GT/benign/benign (34)_mask.png,6df49b205d868be7f7c2fd248690e131,81b83b67c6c5c53c,267,False,trainval,4
/kaggle/input/datasets/aryashah2k/breast-ultrasound-images-dataset/Dataset_BUSI_with_GT/benign/benign (340).png,benign (340).png,benign,770,425,RGB,1,/kaggle/input/datasets/aryashah2k/breast-ultrasound-images-dataset/Dataset_BUSI_with_GT/benign/benign (340)_mask.png,f998db288e1c5a0cd8d5770702599b60,cc7213858fbc9cc9,268,False,trainval,3
/kaggle/input/datasets/aryashah2k/breast-ultrasound-images-dataset/Dataset_BUSI_with_GT/benign/benign (341).png,benign (341).png,benign,683,562,RGB,1,/kaggle/input/datasets/aryashah2k/breast-ultrasound-images-dataset/Dataset_BUSI_with_GT/benign/benign (341)_mask.png,06a6cb6e2bb4cd35fc12543507ebcd89,84b692c349d9bf8c,269,False,trainval,2
/kaggle/input/datasets/aryashah2k/breast-ultrasound-images-dataset/Dataset_BUSI_with_GT/benign/benign (342).png,benign (342).png,benign,581,431,RGB,1,/kaggle/input/datasets/aryashah2k/breast-ultrasound-images-dataset/Dataset_BUSI_with_GT/benign/benign (342)_mask.png,4c832d9978d647a25664fdf7b707ccaa,916e3ccc235762b5,270,False,trainval,0
/kaggle/input/datasets/aryashah2k/breast-ultrasound-images-dataset/Dataset_BUSI_with_GT/benign/benign (343).png,benign (343).png,benign,564,467,RGB,1,/kaggle/input/datasets/aryashah2k/breast-ultrasound-images-dataset/Dataset_BUSI_with_GT/benign/benign (343)_mask.png,f509e3690d88354e0f87b9b0efffbd87,b5964bc930b4cf98,271,False,trainval,3
/kaggle/input/datasets/aryashah2k/breast-ultrasound-images-dataset/Dataset_BUSI_with_GT/benign/benign (344).png,benign (344).png,benign,576,434,RGB,1,/kaggle/input/datasets/aryashah2k/breast-ultrasound-images-dataset/Dataset_BUSI_with_GT/benign/benign (344)_mask.png,900910506958d2090e62a96b03c7722d,ceb98110b9ffcc84,272,False,trainval,1
/kaggle/input/datasets/aryashah2k/breast-ultrasound-images-dataset/Dataset_BUSI_with_GT/benign/benign (345).png,benign (345).png,benign,566,466,RGB,1,/kaggle/input/datasets/aryashah2k/breast-ultrasound-images-dataset/Dataset_BUSI_with_GT/benign/benign (345)_mask.png,509724afdfcbe68d2bb36d24d5270b17,fc81036ab8b1d1cf,273,False,test,-1
/kaggle/input/datasets/aryashah2k/breast-ultrasound-images-dataset/Dataset_BUSI_with_GT/benign/benign (346).png,benign (346).png,benign,610,373,RGB,2,/kaggle/input/datasets/aryashah2k/breast-ultrasound-images-dataset/Dataset_BUSI_with_GT/benign/benign (346)_mask.png|/kaggle/input/datasets/aryashah2k/breast-ultrasound-images-dataset/Dataset_BUSI_with_GT/benign/benign (346)_mask_1.png,963c4ed97fd13f0f060194ca60ae8782,b98d42c6f6e9a981,274,False,trainval,2
/kaggle/input/datasets/aryashah2k/breast-ultrasound-images-dataset/Dataset_BUSI_with_GT/benign/benign (347).png,benign (347).png,benign,605,683,RGB,1,/kaggle/input/datasets/aryashah2k/breast-ultrasound-images-dataset/Dataset_BUSI_with_GT/benign/benign (347)_mask.png,1f50a97843cbf3acdd26dfbfeabc1a81,9598e862064f57d7,275,False,trainval,3
/kaggle/input/datasets/aryashah2k/breast-ultrasound-images-dataset/Dataset_BUSI_with_GT/benign/benign (348).png,benign (348).png,benign,1028,565,RGB,1,/kaggle/input/datasets/aryashah2k/breast-ultrasound-images-dataset/Dataset_BUSI_with_GT/benign/benign (348)_mask.png,441bb53f9024fc5a8afaf3a9704fedc7,d595ee1ae8a4e226,276,False,trainval,4
/kaggle/input/datasets/aryashah2k/breast-ultrasound-images-dataset/Dataset_BUSI_with_GT/benign/benign (349).png,benign (349).png,benign,555,471,RGB,1,/kaggle/input/datasets/aryashah2k/breast-ultrasound-images-dataset/Dataset_BUSI_with_GT/benign/benign (349)_mask.png,2c13fa480de497f0e16128a2785690b3,91d5fc3e3c3c0d81,277,False,trainval,4
/kaggle/input/datasets/aryashah2k/breast-ultrasound-images-dataset/Dataset_BUSI_with_GT/benign/benign (35).png,benign (35).png,benign,556,476,RGB,1,/kaggle/input/datasets/aryashah2k/breast-ultrasound-images-dataset/Dataset_BUSI_with_GT/benign/benign (35)_mask.png,126807b49d8cbc3f77f4761389153593,d8dfa7e2e0809e8c,278,False,trainval,4
/kaggle/input/datasets/aryashah2k/breast-ultrasound-images-dataset/Dataset_BUSI_with_GT/benign/benign (350).png,benign (350).png,benign,786,580,RGB,1,/kaggle/input/datasets/aryashah2k/breast-ultrasound-images-dataset/Dataset_BUSI_with_GT/benign/benign (350)_mask.png,99948d531568e936881e4e389184b371,89e51a9aeda17196,279,False,trainval,0
/kaggle/input/datasets/aryashah2k/breast-ultrasound-images-dataset/Dataset_BUSI_with_GT/benign/benign (351).png,benign (351).png,benign,585,429,RGB,1,/kaggle/input/datasets/aryashah2k/breast-ultrasound-images-dataset/Dataset_BUSI_with_GT/benign/benign (351)_mask.png,c53152c31ebb13d6002aa74944de8846,e09d3e6658999ba4,280,False,test,-1
/kaggle/input/datasets/aryashah2k/breast-ultrasound-images-dataset/Dataset_BUSI_with_GT/benign/benign (352).png,benign (352).png,benign,573,428,RGB,1,/kaggle/input/datasets/aryashah2k/breast-ultrasound-images-dataset/Dataset_BUSI_with_GT/benign/benign (352)_mask.png,2eb312a8f0807f936ba48ae9a83bb055,e0acbfdd1312581b,281,False,trainval,1
/kaggle/input/datasets/aryashah2k/breast-ultrasound-images-dataset/Dataset_BUSI_with_GT/benign/benign (353).png,benign (353).png,benign,680,583,RGB,1,/kaggle/input/datasets/aryashah2k/breast-ultrasound-images-dataset/Dataset_BUSI_with_GT/benign/benign (353)_mask.png,7205e4245c302f63af02d811f6fe1888,dbda202925b5b4f1,282,False,trainval,0
/kaggle/input/datasets/aryashah2k/breast-ultrasound-images-dataset/Dataset_BUSI_with_GT/benign/benign (354).png,benign (354).png,benign,606,605,RGB,1,/kaggle/input/datasets/aryashah2k/breast-ultrasound-images-dataset/Dataset_BUSI_with_GT/benign/benign (354)_mask.png,589b3278200fff3979caaf8373ea96cb,bcd0c34f99bbb060,283,False,trainval,1
/kaggle/input/datasets/aryashah2k/breast-ultrasound-images-dataset/Dataset_BUSI_with_GT/benign/benign (355).png,benign (355).png,benign,675,562,RGB,1,/kaggle/input/datasets/aryashah2k/breast-ultrasound-images-dataset/Dataset_BUSI_with_GT/benign/benign (355)_mask.png,df3c1f106a42d85d556b98abe4cfcf19,95b462cbc341c5bd,284,False,trainval,2
/kaggle/input/datasets/aryashah2k/breast-ultrasound-images-dataset/Dataset_BUSI_with_GT/benign/benign (356).png,benign (356).png,benign,556,468,RGB,1,/kaggle/input/datasets/aryashah2k/breast-ultrasound-images-dataset/Dataset_BUSI_with_GT/benign/benign (356)_mask.png,9bc947e2a23e5d8070c9295340753700,9dbdf4e6caca8180,285,False,trainval,3
/kaggle/input/datasets/aryashah2k/breast-ultrasound-images-dataset/Dataset_BUSI_with_GT/benign/benign (357).png,benign (357).png,benign,581,429,RGB,1,/kaggle/input/datasets/aryashah2k/breast-ultrasound-images-dataset/Dataset_BUSI_with_GT/benign/benign (357)_mask.png,fa2cd67736332ff85cb5a8bc93c4c004,ecb145cf9a3390cc,286,False,trainval,3
/kaggle/input/datasets/aryashah2k/breast-ultrasound-images-dataset/Dataset_BUSI_with_GT/benign/benign (358).png,benign (358).png,benign,555,467,RGB,1,/kaggle/input/datasets/aryashah2k/breast-ultrasound-images-dataset/Dataset_BUSI_with_GT/benign/benign (358)_mask.png,a1439d761340a621cf7fd92b80cfd9f2,e2849de86963e2d6,287,False,trainval,3
/kaggle/input/datasets/aryashah2k/breast-ultrasound-images-dataset/Dataset_BUSI_with_GT/benign/benign (359).png,benign (359).png,benign,567,462,RGB,1,/kaggle/input/datasets/aryashah2k/breast-ultrasound-images-dataset/Dataset_BUSI_with_GT/benign/benign (359)_mask.png,a79395b825d4e6a51f41df3d4288804e,e2ac1d15d26a2ad7,288,False,test,-1
/kaggle/input/datasets/aryashah2k/breast-ultrasound-images-dataset/Dataset_BUSI_with_GT/benign/benign (36).png,benign (36).png,benign,526,474,RGB,1,/kaggle/input/datasets/aryashah2k/breast-ultrasound-images-dataset/Dataset_BUSI_with_GT/benign/benign (36)_mask.png,f107dab50cabdb88aed68642b84e9a5f,88e19d1e62a99e5e,289,False,trainval,1
/kaggle/input/datasets/aryashah2k/breast-ultrasound-images-dataset/Dataset_BUSI_with_GT/benign/benign (360).png,benign (360).png,benign,683,574,RGB,1,/kaggle/input/datasets/aryashah2k/breast-ultrasound-images-dataset/Dataset_BUSI_with_GT/benign/benign (360)_mask.png,cdea028d422b61aa94a78866eb9eeac7,cde5b31252567616,290,False,trainval,4
/kaggle/input/datasets/aryashah2k/breast-ultrasound-images-dataset/Dataset_BUSI_with_GT/benign/benign (361).png,benign (361).png,benign,558,470,RGB,1,/kaggle/input/datasets/aryashah2k/breast-ultrasound-images-dataset/Dataset_BUSI_with_GT/benign/benign (361)_mask.png,ab15c1e8b2678d70d3e3c250288139c0,ec941bcb3437c199,291,False,trainval,0
/kaggle/input/datasets/aryashah2k/breast-ultrasound-images-dataset/Dataset_BUSI_with_GT/benign/benign (362).png,benign (362).png,benign,557,464,RGB,1,/kaggle/input/datasets/aryashah2k/breast-ultrasound-images-dataset/Dataset_BUSI_with_GT/benign/benign (362)_mask.png,6d77304668253adedbf3f95b3a0a1469,c3d93d06c291d9c7,292,False,test,-1
/kaggle/input/datasets/aryashah2k/breast-ultrasound-images-dataset/Dataset_BUSI_with_GT/benign/benign (363).png,benign (363).png,benign,586,433,RGB,1,/kaggle/input/datasets/aryashah2k/breast-ultrasound-images-dataset/Dataset_BUSI_with_GT/benign/benign (363)_mask.png,a12bf4735c303b3c28e9e7d81ee79670,d4ad2b4947769689,293,False,trainval,1
/kaggle/input/datasets/aryashah2k/breast-ultrasound-images-dataset/Dataset_BUSI_with_GT/benign/benign (364).png,benign (364).png,benign,557,465,RGB,1,/kaggle/input/datasets/aryashah2k/breast-ultrasound-images-dataset/Dataset_BUSI_with_GT/benign/benign (364)_mask.png,9ccc2731150eb3426e6e01b7cc2e8631,8c80f27dcdce4ab2,294,False,trainval,2
/kaggle/input/datasets/aryashah2k/breast-ultrasound-images-dataset/Dataset_BUSI_with_GT/benign/benign (365).png,benign (365).png,benign,582,431,RGB,1,/kaggle/input/datasets/aryashah2k/breast-ultrasound-images-dataset/Dataset_BUSI_with_GT/benign/benign (365)_mask.png,fa6f8b59b4abe87b3d92530e378fb544,a7da5c07b3b0708d,295,False,trainval,2
/kaggle/input/datasets/aryashah2k/breast-ultrasound-images-dataset/Dataset_BUSI_with_GT/benign/benign (366).png,benign (366).png,benign,562,463,RGB,1,/kaggle/input/datasets/aryashah2k/breast-ultrasound-images-dataset/Dataset_BUSI_with_GT/benign/benign (366)_mask.png,4fbdd53ce06b4e451231c14b162f8959,e5a45c588be331f4,296,False,trainval,2
/kaggle/input/datasets/aryashah2k/breast-ultrasound-images-dataset/Dataset_BUSI_with_GT/benign/benign (367).png,benign (367).png,benign,560,462,RGB,1,/kaggle/input/datasets/aryashah2k/breast-ultrasound-images-dataset/Dataset_BUSI_with_GT/benign/benign (367)_mask.png,2ec617c913953d0ce79d0a7e7ac49af3,dfe408a8d3c722cb,297,False,trainval,4
/kaggle/input/datasets/aryashah2k/breast-ultrasound-images-dataset/Dataset_BUSI_with_GT/benign/benign (368).png,benign (368).png,benign,689,575,RGB,1,/kaggle/input/datasets/aryashah2k/breast-ultrasound-images-dataset/Dataset_BUSI_with_GT/benign/benign (368)_mask.png,7586c5612c6712752c3566ab256c0844,9284c54f63d32d3d,298,False,trainval,4
/kaggle/input/datasets/aryashah2k/breast-ultrasound-images-dataset/Dataset_BUSI_with_GT/benign/benign (369).png,benign (369).png,benign,772,581,RGB,1,/kaggle/input/datasets/aryashah2k/breast-ultrasound-images-dataset/Dataset_BUSI_with_GT/benign/benign (369)_mask.png,49c64d468050ceb1aa9650cdc16fe7fc,f0d3b6af2d2c4870,299,False,test,-1
/kaggle/input/datasets/aryashah2k/breast-ultrasound-images-dataset/Dataset_BUSI_with_GT/benign/benign (37).png,benign (37).png,benign,557,468,RGB,1,/kaggle/input/datasets/aryashah2k/breast-ultrasound-images-dataset/Dataset_BUSI_with_GT/benign/benign (37)_mask.png,ad74f189ac5bc8368805fb4f96557a13,eea8b19786869393,300,False,trainval,3
/kaggle/input/datasets/aryashah2k/breast-ultrasound-images-dataset/Dataset_BUSI_with_GT/benign/benign (370).png,benign (370).png,benign,549,458,RGB,1,/kaggle/input/datasets/aryashah2k/breast-ultrasound-images-dataset/Dataset_BUSI_with_GT/benign/benign (370)_mask.png,27d105ee2be6751846437e41325104f9,e8e5179e8ac4e2b1,301,False,trainval,2
/kaggle/input/datasets/aryashah2k/breast-ultrasound-images-dataset/Dataset_BUSI_with_GT/benign/benign (371).png,benign (371).png,benign,756,589,RGB,1,/kaggle/input/datasets/aryashah2k/breast-ultrasound-images-dataset/Dataset_BUSI_with_GT/benign/benign (371)_mask.png,71b015a3b0579c97bc55417ec84b0c38,eda4929b161aeca5,302,False,test,-1
/kaggle/input/datasets/aryashah2k/breast-ultrasound-images-dataset/Dataset_BUSI_with_GT/benign/benign (372).png,benign (372).png,benign,544,469,RGB,1,/kaggle/input/datasets/aryashah2k/breast-ultrasound-images-dataset/Dataset_BUSI_with_GT/benign/benign (372)_mask.png,d186b4d2be339f1b3057d2b522bc4f72,b4b2434d8cbc3ab3,303,False,test,-1
/kaggle/input/datasets/aryashah2k/breast-ultrasound-images-dataset/Dataset_BUSI_with_GT/benign/benign (373).png,benign (373).png,benign,555,457,RGB,1,/kaggle/input/datasets/aryashah2k/breast-ultrasound-images-dataset/Dataset_BUSI_with_GT/benign/benign (373)_mask.png,d15e8a883e4cbd67f7f0a0f4ed3af1f4,f3b08c4e0e3bb1a6,304,False,trainval,0
/kaggle/input/datasets/aryashah2k/breast-ultrasound-images-dataset/Dataset_BUSI_with_GT/benign/benign (374).png,benign (374).png,benign,544,468,RGB,1,/kaggle/input/datasets/aryashah2k/breast-ultrasound-images-dataset/Dataset_BUSI_with_GT/benign/benign (374)_mask.png,e75534a7df990792939a25c1e7bb39ff,b8d06b37162f9199,305,False,trainval,1
/kaggle/input/datasets/aryashah2k/breast-ultrasound-images-dataset/Dataset_BUSI_with_GT/benign/benign (375).png,benign (375).png,benign,775,571,RGB,1,/kaggle/input/datasets/aryashah2k/breast-ultrasound-images-dataset/Dataset_BUSI_with_GT/benign/benign (375)_mask.png,9422ddbdd30dc705f12cfef77069cce3,8db65accef1821a6,306,False,trainval,4
/kaggle/input/datasets/aryashah2k/breast-ultrasound-images-dataset/Dataset_BUSI_with_GT/benign/benign (376).png,benign (376).png,benign,546,467,RGB,1,/kaggle/input/datasets/aryashah2k/breast-ultrasound-images-dataset/Dataset_BUSI_with_GT/benign/benign (376)_mask.png,85e046112280e3391c67306de82076ab,e1e39e9c3e0acac1,307,False,trainval,0
/kaggle/input/datasets/aryashah2k/breast-ultrasound-images-dataset/Dataset_BUSI_with_GT/benign/benign (377).png,benign (377).png,benign,752,578,RGB,1,/kaggle/input/datasets/aryashah2k/breast-ultrasound-images-dataset/Dataset_BUSI_with_GT/benign/benign (377)_mask.png,c089858fc4a16c10df9a505e4754408a,f88526ea1cd8d393,308,False,test,-1
/kaggle/input/datasets/aryashah2k/breast-ultrasound-images-dataset/Dataset_BUSI_with_GT/benign/benign (378).png,benign (378).png,benign,548,464,RGB,1,/kaggle/input/datasets/aryashah2k/breast-ultrasound-images-dataset/Dataset_BUSI_with_GT/benign/benign (378)_mask.png,3fdebd1940d92c302a4d55e379887ece,f9e904551f18c8ed,309,False,trainval,2
/kaggle/input/datasets/aryashah2k/breast-ultrasound-images-dataset/Dataset_BUSI_with_GT/benign/benign (379).png,benign (379).png,benign,1010,583,RGB,1,/kaggle/input/datasets/aryashah2k/breast-ultrasound-images-dataset/Dataset_BUSI_with_GT/benign/benign (379)_mask.png,2e9f0a5bbacb232a9f3b0c651b2c4c37,8f9f745a93b0c889,310,False,trainval,1
/kaggle/input/datasets/aryashah2k/breast-ultrasound-images-dataset/Dataset_BUSI_with_GT/benign/benign (38).png,benign (38).png,benign,550,484,RGB,1,/kaggle/input/datasets/aryashah2k/breast-ultrasound-images-dataset/Dataset_BUSI_with_GT/benign/benign (38)_mask.png,e548bcd721b4422c34118ac3f4da982b,d1a5acc593939b83,311,False,trainval,3
/kaggle/input/datasets/aryashah2k/breast-ultrasound-images-dataset/Dataset_BUSI_with_GT/benign/benign (380).png,benign (380).png,benign,750,572,RGB,1,/kaggle/input/datasets/aryashah2k/breast-ultrasound-images-dataset/Dataset_BUSI_with_GT/benign/benign (380)_mask.png,2b605e7cd78b591822ae2fbcf59c8417,f5b30e48e8c033db,312,False,trainval,2
/kaggle/input/datasets/aryashah2k/breast-ultrasound-images-dataset/Dataset_BUSI_with_GT/benign/benign (381).png,benign (381).png,benign,747,576,RGB,1,/kaggle/input/datasets/aryashah2k/breast-ultrasound-images-dataset/Dataset_BUSI_with_GT/benign/benign (381)_mask.png,8ab9202df8ef0d6fbd864bd47f2ac9b3,b6e009cfced4a1b2,313,False,test,-1
/kaggle/input/datasets/aryashah2k/breast-ultrasound-images-dataset/Dataset_BUSI_with_GT/benign/benign (382).png,benign (382).png,benign,730,475,RGB,1,/kaggle/input/datasets/aryashah2k/breast-ultrasound-images-dataset/Dataset_BUSI_with_GT/benign/benign (382)_mask.png,2a7eaa4224e18dbb6ed7a2baaae873b2,95b6e2c2c8999597,314,False,trainval,4
/kaggle/input/datasets/aryashah2k/breast-ultrasound-images-dataset/Dataset_BUSI_with_GT/benign/benign (383).png,benign (383).png,benign,552,493,RGB,1,/kaggle/input/datasets/aryashah2k/breast-ultrasound-images-dataset/Dataset_BUSI_with_GT/benign/benign (383)_mask.png,d81a722e5aa01395fd3e6d5c275edc8a,a68ad923f099cbd4,315,False,trainval,3
/kaggle/input/datasets/aryashah2k/breast-ultrasound-images-dataset/Dataset_BUSI_with_GT/benign/benign (384).png,benign (384).png,benign,760,425,RGB,1,/kaggle/input/datasets/aryashah2k/breast-ultrasound-images-dataset/Dataset_BUSI_with_GT/benign/benign (384)_mask.png,e66cd0389b4cf129acc5424e4c9d5e77,8da0e35bd88cb873,316,False,trainval,4
/kaggle/input/datasets/aryashah2k/breast-ultrasound-images-dataset/Dataset_BUSI_with_GT/benign/benign (385).png,benign (385).png,benign,551,458,RGB,1,/kaggle/input/datasets/aryashah2k/breast-ultrasound-images-dataset/Dataset_BUSI_with_GT/benign/benign (385)_mask.png,9fbed7d5b2cb456ddada5eb53ceed05c,e0e09f9f89c9c266,317,False,trainval,0
/kaggle/input/datasets/aryashah2k/breast-ultrasound-images-dataset/Dataset_BUSI_with_GT/benign/benign (386).png,benign (386).png,benign,768,578,RGB,1,/kaggle/input/datasets/aryashah2k/breast-ultrasound-images-dataset/Dataset_BUSI_with_GT/benign/benign (386)_mask.png,e3aa0dbba1968bd7968fe40e39b32641,ccb6225c59c9b9a3,318,False,trainval,1
/kaggle/input/datasets/aryashah2k/breast-ultrasound-images-dataset/Dataset_BUSI_with_GT/benign/benign (387).png,benign (387).png,benign,549,486,RGB,1,/kaggle/input/datasets/aryashah2k/breast-ultrasound-images-dataset/Dataset_BUSI_with_GT/benign/benign (387)_mask.png,097b965086fe3f9513e86f06684ceb19,cde3f08e8e3436a4,319,False,trainval,0
/kaggle/input/datasets/aryashah2k/breast-ultrasound-images-dataset/Dataset_BUSI_with_GT/benign/benign (388).png,benign (388).png,benign,763,572,RGB,1,/kaggle/input/datasets/aryashah2k/breast-ultrasound-images-dataset/Dataset_BUSI_with_GT/benign/benign (388)_mask.png,68bcd7ef71b364e0d5ea22e141d445fd,d9a62958d6c7b099,320,False,trainval,2
/kaggle/input/datasets/aryashah2k/breast-ultrasound-images-dataset/Dataset_BUSI_with_GT/benign/benign (389).png,benign (389).png,benign,927,567,RGB,1,/kaggle/input/datasets/aryashah2k/breast-ultrasound-images-dataset/Dataset_BUSI_with_GT/benign/benign (389)_mask.png,7947ebfef1ce95d35e5ee236f11d6b57,bba5447be990c4b4,321,False,test,-1
/kaggle/input/datasets/aryashah2k/breast-ultrasound-images-dataset/Dataset_BUSI_with_GT/benign/benign (39).png,benign (39).png,benign,578,433,RGB,1,/kaggle/input/datasets/aryashah2k/breast-ultrasound-images-dataset/Dataset_BUSI_with_GT/benign/benign (39)_mask.png,bec925f21ca9c948aba8b20a8c30e975,c2b8ef2e381883e7,322,False,trainval,1
/kaggle/input/datasets/aryashah2k/breast-ultrasound-images-dataset/Dataset_BUSI_with_GT/benign/benign (390).png,benign (390).png,benign,779,583,RGB,1,/kaggle/input/datasets/aryashah2k/breast-ultrasound-images-dataset/Dataset_BUSI_with_GT/benign/benign (390)_mask.png,7c576caec024a423482456203afad888,8ef84113cfb46dc8,323,False,trainval,3
/kaggle/input/datasets/aryashah2k/breast-ultrasound-images-dataset/Dataset_BUSI_with_GT/benign/benign (391).png,benign (391).png,benign,687,578,RGB,1,/kaggle/input/datasets/aryashah2k/breast-ultrasound-images-dataset/Dataset_BUSI_with_GT/benign/benign (391)_mask.png,603bbcdedf56dd3e6687d172c6f02769,ac985783224d99fb,324,False,trainval,4
/kaggle/input/datasets/aryashah2k/breast-ultrasound-images-dataset/Dataset_BUSI_with_GT/benign/benign (392).png,benign (392).png,benign,729,477,RGB,1,/kaggle/input/datasets/aryashah2k/breast-ultrasound-images-dataset/Dataset_BUSI_with_GT/benign/benign (392)_mask.png,f24cd33e1f317e5b52ce5ca1aded0b10,b4e1cb4227aeb2b2,325,False,trainval,3
/kaggle/input/datasets/aryashah2k/breast-ultrasound-images-dataset/Dataset_BUSI_with_GT/benign/benign (393).png,benign (393).png,benign,685,583,RGB,1,/kaggle/input/datasets/aryashah2k/breast-ultrasound-images-dataset/Dataset_BUSI_with_GT/benign/benign (393)_mask.png,a35c41cd395e64de9a722952e1e07ffd,c6fb98846be36542,326,False,trainval,2
/kaggle/input/datasets/aryashah2k/breast-ultrasound-images-dataset/Dataset_BUSI_with_GT/benign/benign (394).png,benign (394).png,benign,558,468,RGB,1,/kaggle/input/datasets/aryashah2k/breast-ultrasound-images-dataset/Dataset_BUSI_with_GT/benign/benign (394)_mask.png,08e13638db473d8fb9076a40c0e738c9,ecd34b6474363750,327,False,trainval,0
/kaggle/input/datasets/aryashah2k/breast-ultrasound-images-dataset/Dataset_BUSI_with_GT/benign/benign (395).png,benign (395).png,benign,615,576,RGB,1,/kaggle/input/datasets/aryashah2k/breast-ultrasound-images-dataset/Dataset_BUSI_with_GT/benign/benign (395)_mask.png,3c3177ee8277461721d0a78821596993,cee9211791d85e17,347,False,trainval,3
/kaggle/input/datasets/aryashah2k/breast-ultrasound-images-dataset/Dataset_BUSI_with_GT/benign/benign (396).png,benign (396).png,benign,420,474,RGB,1,/kaggle/input/datasets/aryashah2k/breast-ultrasound-images-dataset/Dataset_BUSI_with_GT/benign/benign (396)_mask.png,4b2405122789b06166d91c193903ce2b,b1b5fe9fcc684081,349,False,trainval,4
/kaggle/input/datasets/aryashah2k/breast-ultrasound-images-dataset/Dataset_BUSI_with_GT/benign/benign (397).png,benign (397).png,benign,554,470,RGB,1,/kaggle/input/datasets/aryashah2k/breast-ultrasound-images-dataset/Dataset_BUSI_with_GT/benign/benign (397)_mask.png,1ad5b8dc9d94a6f3fa6342fe73e4260c,bccc87b3f0b288ac,330,False,trainval,1
/kaggle/input/datasets/aryashah2k/breast-ultrasound-images-dataset/Dataset_BUSI_with_GT/benign/benign (398).png,benign (398).png,benign,563,469,RGB,1,/kaggle/input/datasets/aryashah2k/breast-ultrasound-images-dataset/Dataset_BUSI_with_GT/benign/benign (398)_mask.png,4ee347b3f69b824e82dbbab72637b44e,aeba7bb581c96150,331,False,test,-1
/kaggle/input/datasets/aryashah2k/breast-ultrasound-images-dataset/Dataset_BUSI_with_GT/benign/benign (399).png,benign (399).png,benign,555,468,RGB,1,/kaggle/input/datasets/aryashah2k/breast-ultrasound-images-dataset/Dataset_BUSI_with_GT/benign/benign (399)_mask.png,ebc43b8f09b3fb38f55067ef92e48943,96e1b196da6c6991,640,True,excluded,-1
/kaggle/input/datasets/aryashah2k/breast-ultrasound-images-dataset/Dataset_BUSI_with_GT/benign/benign (4).png,benign (4).png,benign,555,465,RGB,2,/kaggle/input/datasets/aryashah2k/breast-ultrasound-images-dataset/Dataset_BUSI_with_GT/benign/benign (4)_mask.png|/kaggle/input/datasets/aryashah2k/breast-ultrasound-images-dataset/Dataset_BUSI_with_GT/benign/benign (4)_mask_1.png,2b963bf372bee47cf0a117362dcb281f,c8d77678298f628a,333,False,trainval,4
/kaggle/input/datasets/aryashah2k/breast-ultrasound-images-dataset/Dataset_BUSI_with_GT/benign/benign (40).png,benign (40).png,benign,706,526,RGB,1,/kaggle/input/datasets/aryashah2k/breast-ultrasound-images-dataset/Dataset_BUSI_with_GT/benign/benign (40)_mask.png,6d268db8bee7e62a0f723a343c340255,94c3d7cc68b1b394,334,False,trainval,2
/kaggle/input/datasets/aryashah2k/breast-ultrasound-images-dataset/Dataset_BUSI_with_GT/benign/benign (400).png,benign (400).png,benign,779,580,RGB,1,/kaggle/input/datasets/aryashah2k/breast-ultrasound-images-dataset/Dataset_BUSI_with_GT/benign/benign (400)_mask.png,5b7b19c3ec902899008e68ea978f6251,87a8d0f159cec789,348,False,trainval,3
/kaggle/input/datasets/aryashah2k/breast-ultrasound-images-dataset/Dataset_BUSI_with_GT/benign/benign (401).png,benign (401).png,benign,557,469,RGB,1,/kaggle/input/datasets/aryashah2k/breast-ultrasound-images-dataset/Dataset_BUSI_with_GT/benign/benign (401)_mask.png,a36b7b10ffe9d2c14ee427cbda91375d,f18607ec98cca5b3,336,False,trainval,0
/kaggle/input/datasets/aryashah2k/breast-ultrasound-images-dataset/Dataset_BUSI_with_GT/benign/benign (402).png,benign (402).png,benign,561,469,RGB,1,/kaggle/input/datasets/aryashah2k/breast-ultrasound-images-dataset/Dataset_BUSI_with_GT/benign/benign (402)_mask.png,e73c305d4a54ded3a59e86d4f0fa6c33,cfe93c252132935b,337,False,trainval,2
/kaggle/input/datasets/aryashah2k/breast-ultrasound-images-dataset/Dataset_BUSI_with_GT/benign/benign (403).png,benign (403).png,benign,549,467,RGB,1,/kaggle/input/datasets/aryashah2k/breast-ultrasound-images-dataset/Dataset_BUSI_with_GT/benign/benign (403)_mask.png,e7d7a066c3064abebf537c06a2f3ec94,c9b63ec9cc0c3c8d,338,False,trainval,1
/kaggle/input/datasets/aryashah2k/breast-ultrasound-images-dataset/Dataset_BUSI_with_GT/benign/benign (404).png,benign (404).png,benign,772,578,RGB,1,/kaggle/input/datasets/aryashah2k/breast-ultrasound-images-dataset/Dataset_BUSI_with_GT/benign/benign (404)_mask.png,277cab015892f8d6301ad26bffd5e450,9ce8b1218a9d5eea,351,False,trainval,0
/kaggle/input/datasets/aryashah2k/breast-ultrasound-images-dataset/Dataset_BUSI_with_GT/benign/benign (405).png,benign (405).png,benign,566,465,RGB,1,/kaggle/input/datasets/aryashah2k/breast-ultrasound-images-dataset/Dataset_BUSI_with_GT/benign/benign (405)_mask.png,dfa9d4ecfad8ee3dee909b3a39924249,a5847e93c1e372d8,340,False,trainval,3
/kaggle/input/datasets/aryashah2k/breast-ultrasound-images-dataset/Dataset_BUSI_with_GT/benign/benign (406).png,benign (406).png,benign,563,463,RGB,1,/kaggle/input/datasets/aryashah2k/breast-ultrasound-images-dataset/Dataset_BUSI_with_GT/benign/benign (406)_mask.png,5f526be81d54a5129c8c5ec738a19855,dce1179ed84969c8,641,True,excluded,-1
/kaggle/input/datasets/aryashah2k/breast-ultrasound-images-dataset/Dataset_BUSI_with_GT/benign/benign (407).png,benign (407).png,benign,560,467,RGB,1,/kaggle/input/datasets/aryashah2k/breast-ultrasound-images-dataset/Dataset_BUSI_with_GT/benign/benign (407)_mask.png,6f027403617f355b04b8ec0a6640b6cc,e59d903aa3e09c2f,342,False,trainval,0
/kaggle/input/datasets/aryashah2k/breast-ultrasound-images-dataset/Dataset_BUSI_with_GT/benign/benign (408).png,benign (408).png,benign,554,465,RGB,1,/kaggle/input/datasets/aryashah2k/breast-ultrasound-images-dataset/Dataset_BUSI_with_GT/benign/benign (408)_mask.png,fe5ac4286931c2568cb118b3c29e8579,fcb0d12387ce0da6,343,False,trainval,4
/kaggle/input/datasets/aryashah2k/breast-ultrasound-images-dataset/Dataset_BUSI_with_GT/benign/benign (409).png,benign (409).png,benign,558,466,RGB,1,/kaggle/input/datasets/aryashah2k/breast-ultrasound-images-dataset/Dataset_BUSI_with_GT/benign/benign (409)_mask.png,f9eb77493cc709739b9039b9508de7ee,84ad9bd2615b8ca7,344,False,test,-1
/kaggle/input/datasets/aryashah2k/breast-ultrasound-images-dataset/Dataset_BUSI_with_GT/benign/benign (41).png,benign (41).png,benign,550,484,RGB,1,/kaggle/input/datasets/aryashah2k/breast-ultrasound-images-dataset/Dataset_BUSI_with_GT/benign/benign (41)_mask.png,3a91ed1cadd4c23536b7197961b81adc,d0988f703c8fd9f0,345,False,trainval,2
/kaggle/input/datasets/aryashah2k/breast-ultrasound-images-dataset/Dataset_BUSI_with_GT/benign/benign (410).png,benign (410).png,benign,558,468,RGB,1,/kaggle/input/datasets/aryashah2k/breast-ultrasound-images-dataset/Dataset_BUSI_with_GT/benign/benign (410)_mask.png,ef8234575d309d0c2f96e93a28a67d1a,93c89ca4e7372a1b,346,False,trainval,1
/kaggle/input/datasets/aryashah2k/breast-ultrasound-images-dataset/Dataset_BUSI_with_GT/benign/benign (411).png,benign (411).png,benign,602,587,RGB,1,/kaggle/input/datasets/aryashah2k/breast-ultrasound-images-dataset/Dataset_BUSI_with_GT/benign/benign (411)_mask.png,24d3795cce7f168656ca9ae7193b70e1,cee9211591d85e97,347,False,trainval,3
/kaggle/input/datasets/aryashah2k/breast-ultrasound-images-dataset/Dataset_BUSI_with_GT/benign/benign (412).png,benign (412).png,benign,779,576,RGB,1,/kaggle/input/datasets/aryashah2k/breast-ultrasound-images-dataset/Dataset_BUSI_with_GT/benign/benign (412)_mask.png,56812bd9b67d3dd9cc3dbde032bcd7b9,87b8d0f159cec389,348,False,trainval,3
/kaggle/input/datasets/aryashah2k/breast-ultrasound-images-dataset/Dataset_BUSI_with_GT/benign/benign (413).png,benign (413).png,benign,433,478,RGB,1,/kaggle/input/datasets/aryashah2k/breast-ultrasound-images-dataset/Dataset_BUSI_with_GT/benign/benign (413)_mask.png,2777b1e3c86d139b66dee927df8d8cf3,b1b5fe9ecc684281,349,False,trainval,4
/kaggle/input/datasets/aryashah2k/breast-ultrasound-images-dataset/Dataset_BUSI_with_GT/benign/benign (414).png,benign (414).png,benign,812,703,RGB,1,/kaggle/input/datasets/aryashah2k/breast-ultrasound-images-dataset/Dataset_BUSI_with_GT/benign/benign (414)_mask.png,0fd3b5311c20d737f5ea2ada66886569,8da7775a68697068,350,False,trainval,3
/kaggle/input/datasets/aryashah2k/breast-ultrasound-images-dataset/Dataset_BUSI_with_GT/benign/benign (415).png,benign (415).png,benign,781,578,RGB,1,/kaggle/input/datasets/aryashah2k/breast-ultrasound-images-dataset/Dataset_BUSI_with_GT/benign/benign (415)_mask.png,ce659707666d93259e228fdaead0ce7b,9ce8a1239a9d5aea,351,False,trainval,0
/kaggle/input/datasets/aryashah2k/breast-ultrasound-images-dataset/Dataset_BUSI_with_GT/benign/benign (416).png,benign (416).png,benign,878,574,RGB,1,/kaggle/input/datasets/aryashah2k/breast-ultrasound-images-dataset/Dataset_BUSI_with_GT/benign/benign (416)_mask.png,c78ee981d3b06eb3789ede70309d4b37,c0b37d4c9cc2d8f2,352,False,trainval,1
/kaggle/input/datasets/aryashah2k/breast-ultrasound-images-dataset/Dataset_BUSI_with_GT/benign/benign (417).png,benign (417).png,benign,599,416,RGB,1,/kaggle/input/datasets/aryashah2k/breast-ultrasound-images-dataset/Dataset_BUSI_with_GT/benign/benign (417)_mask.png,996f01539061c27918c0462286169e75,d6d22928c899f3f2,353,False,test,-1
/kaggle/input/datasets/aryashah2k/breast-ultrasound-images-dataset/Dataset_BUSI_with_GT/benign/benign (418).png,benign (418).png,benign,607,414,RGB,1,/kaggle/input/datasets/aryashah2k/breast-ultrasound-images-dataset/Dataset_BUSI_with_GT/benign/benign (418)_mask.png,09f04325dbc7e7862146a0c556c77be7,869df934c1cb92b8,354,False,trainval,2
/kaggle/input/datasets/aryashah2k/breast-ultrasound-images-dataset/Dataset_BUSI_with_GT/benign/benign (419).png,benign (419).png,benign,772,574,RGB,1,/kaggle/input/datasets/aryashah2k/breast-ultrasound-images-dataset/Dataset_BUSI_with_GT/benign/benign (419)_mask.png,f29027ce3957a5b896e5c7ac729362ea,a5b55aa2e2e3858e,355,False,trainval,1
/kaggle/input/datasets/aryashah2k/breast-ultrasound-images-dataset/Dataset_BUSI_with_GT/benign/benign (42).png,benign (42).png,benign,581,437,RGB,1,/kaggle/input/datasets/aryashah2k/breast-ultrasound-images-dataset/Dataset_BUSI_with_GT/benign/benign (42)_mask.png,aa5f7a72abd239b4a77502652e996b76,91bcfe4b66c66121,594,True,excluded,-1
/kaggle/input/datasets/aryashah2k/breast-ultrasound-images-dataset/Dataset_BUSI_with_GT/benign/benign (420).png,benign (420).png,benign,768,574,RGB,1,/kaggle/input/datasets/aryashah2k/breast-ultrasound-images-dataset/Dataset_BUSI_with_GT/benign/benign (420)_mask.png,6284c8cd4ab0d491c88304044b05aec1,a3891c1266e7e9ea,357,False,test,-1
/kaggle/input/datasets/aryashah2k/breast-ultrasound-images-dataset/Dataset_BUSI_with_GT/benign/benign (421).png,benign (421).png,benign,551,487,RGB,1,/kaggle/input/datasets/aryashah2k/breast-ultrasound-images-dataset/Dataset_BUSI_with_GT/benign/benign (421)_mask.png,d57d60ccc280cb2d2f78fecd4a683397,b69bcbccccb22324,358,False,trainval,1
/kaggle/input/datasets/aryashah2k/breast-ultrasound-images-dataset/Dataset_BUSI_with_GT/benign/benign (422).png,benign (422).png,benign,768,487,RGB,1,/kaggle/input/datasets/aryashah2k/breast-ultrasound-images-dataset/Dataset_BUSI_with_GT/benign/benign (422)_mask.png,4417da4f108470a5c98ba89b1c64c81e,feefc5e0808391c6,359,False,test,-1
/kaggle/input/datasets/aryashah2k/breast-ultrasound-images-dataset/Dataset_BUSI_with_GT/benign/benign (423).png,benign (423).png,benign,561,470,RGB,1,/kaggle/input/datasets/aryashah2k/breast-ultrasound-images-dataset/Dataset_BUSI_with_GT/benign/benign (423)_mask.png,e38492af6880e89e28dad9593af1eac8,eafc8d89cc86949a,360,False,trainval,4
/kaggle/input/datasets/aryashah2k/breast-ultrasound-images-dataset/Dataset_BUSI_with_GT/benign/benign (424).png,benign (424).png,benign,544,469,RGB,2,/kaggle/input/datasets/aryashah2k/breast-ultrasound-images-dataset/Dataset_BUSI_with_GT/benign/benign (424)_mask.png|/kaggle/input/datasets/aryashah2k/breast-ultrasound-images-dataset/Dataset_BUSI_with_GT/benign/benign (424)_mask_1.png,ebca1226dbb9c4ff71ae2192fea582c4,c9bb7498a4cd1786,361,False,trainval,3
/kaggle/input/datasets/aryashah2k/breast-ultrasound-images-dataset/Dataset_BUSI_with_GT/benign/benign (425).png,benign (425).png,benign,544,469,RGB,1,/kaggle/input/datasets/aryashah2k/breast-ultrasound-images-dataset/Dataset_BUSI_with_GT/benign/benign (425)_mask.png,bd53a9aedf38ee2ac1a3fcd881887d98,95e46b9f52120ced,362,False,trainval,0
/kaggle/input/datasets/aryashah2k/breast-ultrasound-images-dataset/Dataset_BUSI_with_GT/benign/benign (426).png,benign (426).png,benign,549,465,RGB,1,/kaggle/input/datasets/aryashah2k/breast-ultrasound-images-dataset/Dataset_BUSI_with_GT/benign/benign (426)_mask.png,d1b7428c4bfe1abdc5aa7b1a7f3e36ba,c5cd3d98e8781e83,363,False,trainval,4
/kaggle/input/datasets/aryashah2k/breast-ultrasound-images-dataset/Dataset_BUSI_with_GT/benign/benign (427).png,benign (427).png,benign,780,380,RGB,1,/kaggle/input/datasets/aryashah2k/breast-ultrasound-images-dataset/Dataset_BUSI_with_GT/benign/benign (427)_mask.png,eea5b860eea417bcde90d85f2290d48c,f0a32f8de768603c,364,False,trainval,4
/kaggle/input/datasets/aryashah2k/breast-ultrasound-images-dataset/Dataset_BUSI_with_GT/benign/benign (428).png,benign (428).png,benign,769,382,RGB,1,/kaggle/input/datasets/aryashah2k/breast-ultrasound-images-dataset/Dataset_BUSI_with_GT/benign/benign (428)_mask.png,2a6996296151a377880e8a0fe5746848,caf9b787b824b430,365,False,trainval,0
/kaggle/input/datasets/aryashah2k/breast-ultrasound-images-dataset/Dataset_BUSI_with_GT/benign/benign (429).png,benign (429).png,benign,582,437,RGB,1,/kaggle/input/datasets/aryashah2k/breast-ultrasound-images-dataset/Dataset_BUSI_with_GT/benign/benign (429)_mask.png,38b7515075e3496fb28790cb2855efd3,b0f06b858e4bcb95,366,False,trainval,2
/kaggle/input/datasets/aryashah2k/breast-ultrasound-images-dataset/Dataset_BUSI_with_GT/benign/benign (43).png,benign (43).png,benign,554,495,RGB,1,/kaggle/input/datasets/aryashah2k/breast-ultrasound-images-dataset/Dataset_BUSI_with_GT/benign/benign (43)_mask.png,dc7b4453514b5c99a4235aae2d1e2c2a,a4954b68e1f38fa8,367,False,trainval,1
/kaggle/input/datasets/aryashah2k/breast-ultrasound-images-dataset/Dataset_BUSI_with_GT/benign/benign (430).png,benign (430).png,benign,768,581,RGB,1,/kaggle/input/datasets/aryashah2k/breast-ultrasound-images-dataset/Dataset_BUSI_with_GT/benign/benign (430)_mask.png,a7cf91cd26f657b52a0cfdd8630d5c4e,a7b968d886878ec6,368,False,test,-1
/kaggle/input/datasets/aryashah2k/breast-ultrasound-images-dataset/Dataset_BUSI_with_GT/benign/benign (431).png,benign (431).png,benign,582,431,RGB,1,/kaggle/input/datasets/aryashah2k/breast-ultrasound-images-dataset/Dataset_BUSI_with_GT/benign/benign (431)_mask.png,660d3e2945e6e8eafb683b451914eb75,a6e9490d5c28eb97,369,False,trainval,3
/kaggle/input/datasets/aryashah2k/breast-ultrasound-images-dataset/Dataset_BUSI_with_GT/benign/benign (432).png,benign (432).png,benign,469,394,RGB,1,/kaggle/input/datasets/aryashah2k/breast-ultrasound-images-dataset/Dataset_BUSI_with_GT/benign/benign (432)_mask.png,eb0ee48c815f90154530fc494ea6a26d,dbe1059d9a3a3165,370,False,trainval,4
/kaggle/input/datasets/aryashah2k/breast-ultrasound-images-dataset/Dataset_BUSI_with_GT/benign/benign (433).png,benign (433).png,benign,550,462,RGB,1,/kaggle/input/datasets/aryashah2k/breast-ultrasound-images-dataset/Dataset_BUSI_with_GT/benign/benign (433)_mask.png,88f5ac307c1827b335d8b981c31262dc,f1918fcecee62c02,488,True,excluded,-1
/kaggle/input/datasets/aryashah2k/breast-ultrasound-images-dataset/Dataset_BUSI_with_GT/benign/benign (434).png,benign (434).png,benign,501,609,RGB,1,/kaggle/input/datasets/aryashah2k/breast-ultrasound-images-dataset/Dataset_BUSI_with_GT/benign/benign (434)_mask.png,2febb926a8394f05d1a85b9b72ffb8bb,81e2cd9c9c6c6af8,372,False,trainval,0
/kaggle/input/datasets/aryashah2k/breast-ultrasound-images-dataset/Dataset_BUSI_with_GT/benign/benign (435).png,benign (435).png,benign,552,469,RGB,1,/kaggle/input/datasets/aryashah2k/breast-ultrasound-images-dataset/Dataset_BUSI_with_GT/benign/benign (435)_mask.png,006ee991ce2597782b9d13fb27a2687b,91d3eccccc8e9e21,373,False,trainval,3
/kaggle/input/datasets/aryashah2k/breast-ultrasound-images-dataset/Dataset_BUSI_with_GT/benign/benign (436).png,benign (436).png,benign,502,474,RGB,1,/kaggle/input/datasets/aryashah2k/breast-ultrasound-images-dataset/Dataset_BUSI_with_GT/benign/benign (436)_mask.png,797ab4019ba93c2a822a52fe39d594c4,e7bc38cb094d6744,374,False,trainval,2
/kaggle/input/datasets/aryashah2k/breast-ultrasound-images-dataset/Dataset_BUSI_with_GT/benign/benign (437).png,benign (437).png,benign,768,585,RGB,1,/kaggle/input/datasets/aryashah2k/breast-ultrasound-images-dataset/Dataset_BUSI_with_GT/benign/benign (437)_mask.png,db521e0dad0932faab24beb556e91557,cfb5684a22929d5d,708,True,excluded,-1
/kaggle/input/datasets/aryashah2k/breast-ultrasound-images-dataset/Dataset_BUSI_with_GT/benign/benign (44).png,benign (44).png,benign,777,580,RGB,1,/kaggle/input/datasets/aryashah2k/breast-ultrasound-images-dataset/Dataset_BUSI_with_GT/benign/benign (44)_mask.png,90a1911599391a95443c62d681214ef5,b3984c47e7f038b2,376,False,test,-1
/kaggle/input/datasets/aryashah2k/breast-ultrasound-images-dataset/Dataset_BUSI_with_GT/benign/benign (45).png,benign (45).png,benign,775,580,RGB,1,/kaggle/input/datasets/aryashah2k/breast-ultrasound-images-dataset/Dataset_BUSI_with_GT/benign/benign (45)_mask.png,b93721997c750226cc8fb5f909489725,a5b831c5cab8bcb2,377,False,trainval,0
/kaggle/input/datasets/aryashah2k/breast-ultrasound-images-dataset/Dataset_BUSI_with_GT/benign/benign (46).png,benign (46).png,benign,561,468,RGB,1,/kaggle/input/datasets/aryashah2k/breast-ultrasound-images-dataset/Dataset_BUSI_with_GT/benign/benign (46)_mask.png,f3e6430d3737e93e63235ec312929c5c,c1b12bcc1cd3b2b6,378,False,trainval,4
/kaggle/input/datasets/aryashah2k/breast-ultrasound-images-dataset/Dataset_BUSI_with_GT/benign/benign (47).png,benign (47).png,benign,763,585,RGB,1,/kaggle/input/datasets/aryashah2k/breast-ultrasound-images-dataset/Dataset_BUSI_with_GT/benign/benign (47)_mask.png,14cd8f429f481a735ecd62ff43981716,a6ba3a7115c5eec0,379,False,trainval,1
/kaggle/input/datasets/aryashah2k/breast-ultrasound-images-dataset/Dataset_BUSI_with_GT/benign/benign (48).png,benign (48).png,benign,775,583,RGB,1,/kaggle/input/datasets/aryashah2k/breast-ultrasound-images-dataset/Dataset_BUSI_with_GT/benign/benign (48)_mask.png,b96f5ec541bf8b5688fc6794b0cb0a7c,8fb9c4c679593581,380,False,trainval,2
/kaggle/input/datasets/aryashah2k/breast-ultrasound-images-dataset/Dataset_BUSI_with_GT/benign/benign (49).png,benign (49).png,benign,777,576,RGB,1,/kaggle/input/datasets/aryashah2k/breast-ultrasound-images-dataset/Dataset_BUSI_with_GT/benign/benign (49)_mask.png,efa77d7fdc63cc3eabed6276cb7f336f,a1e8de9531de9330,381,False,trainval,3
/kaggle/input/datasets/aryashah2k/breast-ultrasound-images-dataset/Dataset_BUSI_with_GT/benign/benign (5).png,benign (5).png,benign,549,496,RGB,1,/kaggle/input/datasets/aryashah2k/breast-ultrasound-images-dataset/Dataset_BUSI_with_GT/benign/benign (5)_mask.png,46043e8d74de32032ebfb8aa95f3b932,94e06b8fd391accc,382,False,trainval,4
/kaggle/input/datasets/aryashah2k/breast-ultrasound-images-dataset/Dataset_BUSI_with_GT/benign/benign (50).png,benign (50).png,benign,884,581,RGB,1,/kaggle/input/datasets/aryashah2k/breast-ultrasound-images-dataset/Dataset_BUSI_with_GT/benign/benign (50)_mask.png,89972733de5c63993f1bbbe17c1bee9c,a59e6283d33c3cc3,383,False,test,-1
/kaggle/input/datasets/aryashah2k/breast-ultrasound-images-dataset/Dataset_BUSI_with_GT/benign/benign (51).png,benign (51).png,benign,357,338,RGB,1,/kaggle/input/datasets/aryashah2k/breast-ultrasound-images-dataset/Dataset_BUSI_with_GT/benign/benign (51)_mask.png,e36f4a585a1b410965a7b5738c1fd871,94f67859c1672e86,384,False,trainval,3
/kaggle/input/datasets/aryashah2k/breast-ultrasound-images-dataset/Dataset_BUSI_with_GT/benign/benign (52).png,benign (52).png,benign,370,338,RGB,1,/kaggle/input/datasets/aryashah2k/breast-ultrasound-images-dataset/Dataset_BUSI_with_GT/benign/benign (52)_mask.png,d336083a3a0168d358e4a6d3db701c73,ce8da9693b9a8692,385,False,trainval,0
/kaggle/input/datasets/aryashah2k/breast-ultrasound-images-dataset/Dataset_BUSI_with_GT/benign/benign (53).png,benign (53).png,benign,552,492,RGB,1,/kaggle/input/datasets/aryashah2k/breast-ultrasound-images-dataset/Dataset_BUSI_with_GT/benign/benign (53)_mask.png,d51d392f55e0497a7f75b97bbb041872,b9c58612f3e9c992,386,False,trainval,0
/kaggle/input/datasets/aryashah2k/breast-ultrasound-images-dataset/Dataset_BUSI_with_GT/benign/benign (54).png,benign (54).png,benign,616,468,RGB,2,/kaggle/input/datasets/aryashah2k/breast-ultrasound-images-dataset/Dataset_BUSI_with_GT/benign/benign (54)_mask.png|/kaggle/input/datasets/aryashah2k/breast-ultrasound-images-dataset/Dataset_BUSI_with_GT/benign/benign (54)_mask_1.png,f0397726a90ed33ce566d52b3cd06d8b,b5cd4c1391716d6c,387,False,trainval,1
/kaggle/input/datasets/aryashah2k/breast-ultrasound-images-dataset/Dataset_BUSI_with_GT/benign/benign (55).png,benign (55).png,benign,763,614,RGB,1,/kaggle/input/datasets/aryashah2k/breast-ultrasound-images-dataset/Dataset_BUSI_with_GT/benign/benign (55)_mask.png,691d661d4f66235140b60e6eceeb7409,8df27605314a8f9b,388,False,trainval,2
/kaggle/input/datasets/aryashah2k/breast-ultrasound-images-dataset/Dataset_BUSI_with_GT/benign/benign (56).png,benign (56).png,benign,806,711,RGB,1,/kaggle/input/datasets/aryashah2k/breast-ultrasound-images-dataset/Dataset_BUSI_with_GT/benign/benign (56)_mask.png,30c12e98d97d5d1d329614801712de14,94b67a4d47e0313b,389,False,test,-1
/kaggle/input/datasets/aryashah2k/breast-ultrasound-images-dataset/Dataset_BUSI_with_GT/benign/benign (57).png,benign (57).png,benign,555,470,RGB,1,/kaggle/input/datasets/aryashah2k/breast-ultrasound-images-dataset/Dataset_BUSI_with_GT/benign/benign (57)_mask.png,cb5def78de23423d64b76d0264ade82f,98b0be5ac9e9c9c1,390,False,trainval,2
/kaggle/input/datasets/aryashah2k/breast-ultrasound-images-dataset/Dataset_BUSI_with_GT/benign/benign (58).png,benign (58).png,benign,781,572,RGB,2,/kaggle/input/datasets/aryashah2k/breast-ultrasound-images-dataset/Dataset_BUSI_with_GT/benign/benign (58)_mask.png|/kaggle/input/datasets/aryashah2k/breast-ultrasound-images-dataset/Dataset_BUSI_with_GT/benign/benign (58)_mask_1.png,78ef368ccc879b8f889f43c6940be0ae,e7b87843878786c6,391,False,trainval,4
/kaggle/input/datasets/aryashah2k/breast-ultrasound-images-dataset/Dataset_BUSI_with_GT/benign/benign (59).png,benign (59).png,benign,563,468,RGB,1,/kaggle/input/datasets/aryashah2k/breast-ultrasound-images-dataset/Dataset_BUSI_with_GT/benign/benign (59)_mask.png,1c54ce16d8302a171d84e9efe0216ffe,e5c9c99e96b63421,392,False,trainval,4
/kaggle/input/datasets/aryashah2k/breast-ultrasound-images-dataset/Dataset_BUSI_with_GT/benign/benign (6).png,benign (6).png,benign,558,467,RGB,1,/kaggle/input/datasets/aryashah2k/breast-ultrasound-images-dataset/Dataset_BUSI_with_GT/benign/benign (6)_mask.png,d6274595b976caacdc96d4f9a6d94f70,97aded929260706d,393,False,trainval,0
/kaggle/input/datasets/aryashah2k/breast-ultrasound-images-dataset/Dataset_BUSI_with_GT/benign/benign (60).png,benign (60).png,benign,759,598,RGB,1,/kaggle/input/datasets/aryashah2k/breast-ultrasound-images-dataset/Dataset_BUSI_with_GT/benign/benign (60)_mask.png,e5335a74c7431a6f830d72f6f48bf907,a884f477aa2b1b1b,394,False,trainval,1
/kaggle/input/datasets/aryashah2k/breast-ultrasound-images-dataset/Dataset_BUSI_with_GT/benign/benign (61).png,benign (61).png,benign,773,578,RGB,1,/kaggle/input/datasets/aryashah2k/breast-ultrasound-images-dataset/Dataset_BUSI_with_GT/benign/benign (61)_mask.png,fb0528ac132d5194fca39667d3b6ffa8,80a03ec4729ff3d9,431,False,trainval,3
/kaggle/input/datasets/aryashah2k/breast-ultrasound-images-dataset/Dataset_BUSI_with_GT/benign/benign (62).png,benign (62).png,benign,389,594,RGB,1,/kaggle/input/datasets/aryashah2k/breast-ultrasound-images-dataset/Dataset_BUSI_with_GT/benign/benign (62)_mask.png,da69aaae86e2b2112abf7348895d1619,97e888b7682a276d,396,False,trainval,2
/kaggle/input/datasets/aryashah2k/breast-ultrasound-images-dataset/Dataset_BUSI_with_GT/benign/benign (63).png,benign (63).png,benign,608,660,RGB,1,/kaggle/input/datasets/aryashah2k/breast-ultrasound-images-dataset/Dataset_BUSI_with_GT/benign/benign (63)_mask.png,7da06bd70cbc1b1f432684dfcb20d78c,9996ce4a42b53e99,397,False,trainval,3
/kaggle/input/datasets/aryashah2k/breast-ultrasound-images-dataset/Dataset_BUSI_with_GT/benign/benign (64).png,benign (64).png,benign,610,471,RGB,1,/kaggle/input/datasets/aryashah2k/breast-ultrasound-images-dataset/Dataset_BUSI_with_GT/benign/benign (64)_mask.png,025fc50e0168625479b866ff1a4df2f8,9d9497c591d3c0d9,398,False,test,-1
/kaggle/input/datasets/aryashah2k/breast-ultrasound-images-dataset/Dataset_BUSI_with_GT/benign/benign (65).png,benign (65).png,benign,564,474,RGB,1,/kaggle/input/datasets/aryashah2k/breast-ultrasound-images-dataset/Dataset_BUSI_with_GT/benign/benign (65)_mask.png,99b6ade531e04608fe2b5b87942d077d,d6e0298df2929ae9,436,False,trainval,2
/kaggle/input/datasets/aryashah2k/breast-ultrasound-images-dataset/Dataset_BUSI_with_GT/benign/benign (66).png,benign (66).png,benign,562,473,RGB,1,/kaggle/input/datasets/aryashah2k/breast-ultrasound-images-dataset/Dataset_BUSI_with_GT/benign/benign (66)_mask.png,d07303cac7b191efd0e1bee1ec633a17,b7ebda941409c9d4,400,False,trainval,3
/kaggle/input/datasets/aryashah2k/breast-ultrasound-images-dataset/Dataset_BUSI_with_GT/benign/benign (67).png,benign (67).png,benign,516,467,RGB,1,/kaggle/input/datasets/aryashah2k/breast-ultrasound-images-dataset/Dataset_BUSI_with_GT/benign/benign (67)_mask.png,212c1e57a669af2cd4da618712ba7573,d0ad863d91e22fb1,401,False,trainval,4
/kaggle/input/datasets/aryashah2k/breast-ultrasound-images-dataset/Dataset_BUSI_with_GT/benign/benign (68).png,benign (68).png,benign,682,587,RGB,1,/kaggle/input/datasets/aryashah2k/breast-ultrasound-images-dataset/Dataset_BUSI_with_GT/benign/benign (68)_mask.png,7a79148847eb1f89da9d58f46db0db09,b5e29295ccd298ec,402,False,trainval,2
/kaggle/input/datasets/aryashah2k/breast-ultrasound-images-dataset/Dataset_BUSI_with_GT/benign/benign (69).png,benign (69).png,benign,811,719,RGB,1,/kaggle/input/datasets/aryashah2k/breast-ultrasound-images-dataset/Dataset_BUSI_with_GT/benign/benign (69)_mask.png,0c4fc038967a415061730177ef712cd3,95f77a4866672590,403,False,trainval,1
/kaggle/input/datasets/aryashah2k/breast-ultrasound-images-dataset/Dataset_BUSI_with_GT/benign/benign (7).png,benign (7).png,benign,624,578,RGB,1,/kaggle/input/datasets/aryashah2k/breast-ultrasound-images-dataset/Dataset_BUSI_with_GT/benign/benign (7)_mask.png,d77bccddb7e8e13fb51a6c813dbc9210,def92147663e88a1,404,False,trainval,1
/kaggle/input/datasets/aryashah2k/breast-ultrasound-images-dataset/Dataset_BUSI_with_GT/benign/benign (70).png,benign (70).png,benign,713,475,RGB,1,/kaggle/input/datasets/aryashah2k/breast-ultrasound-images-dataset/Dataset_BUSI_with_GT/benign/benign (70)_mask.png,4edd8b3991b33629d724dd7ceab1ab9c,85d3f24c54a59bb1,405,False,test,-1
/kaggle/input/datasets/aryashah2k/breast-ultrasound-images-dataset/Dataset_BUSI_with_GT/benign/benign (71).png,benign (71).png,benign,554,469,RGB,1,/kaggle/input/datasets/aryashah2k/breast-ultrasound-images-dataset/Dataset_BUSI_with_GT/benign/benign (71)_mask.png,8ec2d02b6fa725f4b4797c8a6e2417c9,fbe1249c9ae0d1d2,406,False,test,-1
/kaggle/input/datasets/aryashah2k/breast-ultrasound-images-dataset/Dataset_BUSI_with_GT/benign/benign (72).png,benign (72).png,benign,557,465,RGB,1,/kaggle/input/datasets/aryashah2k/breast-ultrasound-images-dataset/Dataset_BUSI_with_GT/benign/benign (72)_mask.png,570f5bed543b58b670eb91a1b2e085e1,e09ea5e1f31d18f0,407,False,trainval,0
/kaggle/input/datasets/aryashah2k/breast-ultrasound-images-dataset/Dataset_BUSI_with_GT/benign/benign (73).png,benign (73).png,benign,557,471,RGB,1,/kaggle/input/datasets/aryashah2k/breast-ultrasound-images-dataset/Dataset_BUSI_with_GT/benign/benign (73)_mask.png,968bfdea7a0b517e2ea4f712ff23a5cd,b46a9a9cb59391b4,408,False,trainval,3
/kaggle/input/datasets/aryashah2k/breast-ultrasound-images-dataset/Dataset_BUSI_with_GT/benign/benign (74).png,benign (74).png,benign,561,467,RGB,1,/kaggle/input/datasets/aryashah2k/breast-ultrasound-images-dataset/Dataset_BUSI_with_GT/benign/benign (74)_mask.png,48bb7e4be7a1a5ec2c841e03c0d243f2,99e462397d5e9382,409,False,trainval,4
/kaggle/input/datasets/aryashah2k/breast-ultrasound-images-dataset/Dataset_BUSI_with_GT/benign/benign (75).png,benign (75).png,benign,685,578,RGB,1,/kaggle/input/datasets/aryashah2k/breast-ultrasound-images-dataset/Dataset_BUSI_with_GT/benign/benign (75)_mask.png,f5f528ebb86e4486c6e6f786c4efaba8,c4b32c2c73d38ecc,410,False,trainval,2
/kaggle/input/datasets/aryashah2k/breast-ultrasound-images-dataset/Dataset_BUSI_with_GT/benign/benign (76).png,benign (76).png,benign,848,685,RGB,1,/kaggle/input/datasets/aryashah2k/breast-ultrasound-images-dataset/Dataset_BUSI_with_GT/benign/benign (76)_mask.png,d7f9e01a6da7ed5ffd5d505a20a8880b,98fc6307c7b8b0ac,411,False,trainval,1
/kaggle/input/datasets/aryashah2k/breast-ultrasound-images-dataset/Dataset_BUSI_with_GT/benign/benign (77).png,benign (77).png,benign,551,488,RGB,1,/kaggle/input/datasets/aryashah2k/breast-ultrasound-images-dataset/Dataset_BUSI_with_GT/benign/benign (77)_mask.png,17e0cd67dfed31c10608570a2c568691,98a8e5f2d2d5c5c1,412,False,trainval,2
/kaggle/input/datasets/aryashah2k/breast-ultrasound-images-dataset/Dataset_BUSI_with_GT/benign/benign (78).png,benign (78).png,benign,777,576,RGB,1,/kaggle/input/datasets/aryashah2k/breast-ultrasound-images-dataset/Dataset_BUSI_with_GT/benign/benign (78)_mask.png,6ff49bffd9ea4426e37b19b1393ffe5c,d2fb2c858cdab381,413,False,trainval,0
/kaggle/input/datasets/aryashah2k/breast-ultrasound-images-dataset/Dataset_BUSI_with_GT/benign/benign (79).png,benign (79).png,benign,648,604,RGB,1,/kaggle/input/datasets/aryashah2k/breast-ultrasound-images-dataset/Dataset_BUSI_with_GT/benign/benign (79)_mask.png,46277cfc84f0d477742eb71be0656afb,b2f0d9cf8d0c8e4c,414,False,trainval,3
/kaggle/input/datasets/aryashah2k/breast-ultrasound-images-dataset/Dataset_BUSI_with_GT/benign/benign (8).png,benign (8).png,benign,617,585,RGB,1,/kaggle/input/datasets/aryashah2k/breast-ultrasound-images-dataset/Dataset_BUSI_with_GT/benign/benign (8)_mask.png,9b2b5eaf768817119fe1f6a2cd3d0cbc,e9a716587c26a6ca,415,False,trainval,4
/kaggle/input/datasets/aryashah2k/breast-ultrasound-images-dataset/Dataset_BUSI_with_GT/benign/benign (80).png,benign (80).png,benign,561,473,RGB,1,/kaggle/input/datasets/aryashah2k/breast-ultrasound-images-dataset/Dataset_BUSI_with_GT/benign/benign (80)_mask.png,bb888697a5ce5a56460ca90cbdaee5ba,97e9ca9668ca334c,416,False,test,-1
/kaggle/input/datasets/aryashah2k/breast-ultrasound-images-dataset/Dataset_BUSI_with_GT/benign/benign (81).png,benign (81).png,benign,563,464,RGB,1,/kaggle/input/datasets/aryashah2k/breast-ultrasound-images-dataset/Dataset_BUSI_with_GT/benign/benign (81)_mask.png,6b8273ec7b7f2b284512a7d395a09793,fce28299293d6cd4,417,False,trainval,4
/kaggle/input/datasets/aryashah2k/breast-ultrasound-images-dataset/Dataset_BUSI_with_GT/benign/benign (82).png,benign (82).png,benign,656,458,RGB,1,/kaggle/input/datasets/aryashah2k/breast-ultrasound-images-dataset/Dataset_BUSI_with_GT/benign/benign (82)_mask.png,80ab48f1156e3d509de97137562bd0cc,d6dc1a0eecd2932c,418,False,trainval,0
/kaggle/input/datasets/aryashah2k/breast-ultrasound-images-dataset/Dataset_BUSI_with_GT/benign/benign (83).png,benign (83).png,benign,581,432,RGB,2,/kaggle/input/datasets/aryashah2k/breast-ultrasound-images-dataset/Dataset_BUSI_with_GT/benign/benign (83)_mask.png|/kaggle/input/datasets/aryashah2k/breast-ultrasound-images-dataset/Dataset_BUSI_with_GT/benign/benign (83)_mask_1.png,a36a4da2466d53177db2f3a83bfcc2d8,f1e9283786c6c6b1,419,False,trainval,1
/kaggle/input/datasets/aryashah2k/breast-ultrasound-images-dataset/Dataset_BUSI_with_GT/benign/benign (84).png,benign (84).png,benign,839,510,RGB,1,/kaggle/input/datasets/aryashah2k/breast-ultrasound-images-dataset/Dataset_BUSI_with_GT/benign/benign (84)_mask.png,f33bd07c6e9f57527e974a8e1de8f28e,d544939646ac6cdb,420,False,test,-1
/kaggle/input/datasets/aryashah2k/breast-ultrasound-images-dataset/Dataset_BUSI_with_GT/benign/benign (85).png,benign (85).png,benign,561,465,RGB,1,/kaggle/input/datasets/aryashah2k/breast-ultrasound-images-dataset/Dataset_BUSI_with_GT/benign/benign (85)_mask.png,f434245331a22cc76a20996535496f03,97adf2f0c8c890b9,595,True,excluded,-1
/kaggle/input/datasets/aryashah2k/breast-ultrasound-images-dataset/Dataset_BUSI_with_GT/benign/benign (86).png,benign (86).png,benign,777,578,RGB,1,/kaggle/input/datasets/aryashah2k/breast-ultrasound-images-dataset/Dataset_BUSI_with_GT/benign/benign (86)_mask.png,465533281cfccf15dd684b1397cfc919,9bee74508169799c,422,False,trainval,3
/kaggle/input/datasets/aryashah2k/breast-ultrasound-images-dataset/Dataset_BUSI_with_GT/benign/benign (87).png,benign (87).png,benign,768,571,RGB,1,/kaggle/input/datasets/aryashah2k/breast-ultrasound-images-dataset/Dataset_BUSI_with_GT/benign/benign (87)_mask.png,de13dc7dfcd34a639f04d9a0a02f44a6,a1a878c6c6d3b6cc,423,False,trainval,2
/kaggle/input/datasets/aryashah2k/breast-ultrasound-images-dataset/Dataset_BUSI_with_GT/benign/benign (88).png,benign (88).png,benign,873,560,RGB,1,/kaggle/input/datasets/aryashah2k/breast-ultrasound-images-dataset/Dataset_BUSI_with_GT/benign/benign (88)_mask.png,58f1a08beb7a44cb0de9436ca4d0d85b,a5d4a7a55a19c1f8,424,False,test,-1
/kaggle/input/datasets/aryashah2k/breast-ultrasound-images-dataset/Dataset_BUSI_with_GT/benign/benign (89).png,benign (89).png,benign,893,576,RGB,1,/kaggle/input/datasets/aryashah2k/breast-ultrasound-images-dataset/Dataset_BUSI_with_GT/benign/benign (89)_mask.png,d5cab5dbfcff96bfe1a5aa9614953da8,caee37b5b0c08e8c,425,False,trainval,1
/kaggle/input/datasets/aryashah2k/breast-ultrasound-images-dataset/Dataset_BUSI_with_GT/benign/benign (9).png,benign (9).png,benign,752,585,RGB,1,/kaggle/input/datasets/aryashah2k/breast-ultrasound-images-dataset/Dataset_BUSI_with_GT/benign/benign (9)_mask.png,fc89a35fe2d81190c6f06f16c71ce196,c3f8b4c6e13d8e82,426,False,trainval,2
/kaggle/input/datasets/aryashah2k/breast-ultrasound-images-dataset/Dataset_BUSI_with_GT/benign/benign (90).png,benign (90).png,benign,772,574,RGB,1,/kaggle/input/datasets/aryashah2k/breast-ultrasound-images-dataset/Dataset_BUSI_with_GT/benign/benign (90)_mask.png,59414753d2b72b57b7367aee026637df,b38b4b38707737a0,427,False,trainval,0
/kaggle/input/datasets/aryashah2k/breast-ultrasound-images-dataset/Dataset_BUSI_with_GT/benign/benign (91).png,benign (91).png,benign,806,704,RGB,1,/kaggle/input/datasets/aryashah2k/breast-ultrasound-images-dataset/Dataset_BUSI_with_GT/benign/benign (91)_mask.png,2651ce48c1b7ce6af1581ef11e236505,84847b336b5ad1d5,428,False,trainval,3
/kaggle/input/datasets/aryashah2k/breast-ultrasound-images-dataset/Dataset_BUSI_with_GT/benign/benign (92).png,benign (92).png,benign,763,612,RGB,2,/kaggle/input/datasets/aryashah2k/breast-ultrasound-images-dataset/Dataset_BUSI_with_GT/benign/benign (92)_mask.png|/kaggle/input/datasets/aryashah2k/breast-ultrasound-images-dataset/Dataset_BUSI_with_GT/benign/benign (92)_mask_1.png,a8fa5ba4d76fc9355f447bbd6e78f48b,90f3cf1c948c6a73,429,False,test,-1
/kaggle/input/datasets/aryashah2k/breast-ultrasound-images-dataset/Dataset_BUSI_with_GT/benign/benign (93).png,benign (93).png,benign,561,466,RGB,2,/kaggle/input/datasets/aryashah2k/breast-ultrasound-images-dataset/Dataset_BUSI_with_GT/benign/benign (93)_mask.png|/kaggle/input/datasets/aryashah2k/breast-ultrasound-images-dataset/Dataset_BUSI_with_GT/benign/benign (93)_mask_1.png,ad8a4e94854b4689aa10980fc7bba3b5,b49c1f49fc70e0e1,430,False,trainval,4
/kaggle/input/datasets/aryashah2k/breast-ultrasound-images-dataset/Dataset_BUSI_with_GT/benign/benign (94).png,benign (94).png,benign,767,583,RGB,1,/kaggle/input/datasets/aryashah2k/breast-ultrasound-images-dataset/Dataset_BUSI_with_GT/benign/benign (94)_mask.png,aa42149d8dc1fa5e83bcc75c23211ab8,80a03ec4339ff3d9,431,False,trainval,3
/kaggle/input/datasets/aryashah2k/breast-ultrasound-images-dataset/Dataset_BUSI_with_GT/benign/benign (95).png,benign (95).png,benign,558,470,RGB,1,/kaggle/input/datasets/aryashah2k/breast-ultrasound-images-dataset/Dataset_BUSI_with_GT/benign/benign (95)_mask.png,e0036420a6cf5ba1f686e199f36a295a,89844252f4a4fddf,432,False,trainval,0
/kaggle/input/datasets/aryashah2k/breast-ultrasound-images-dataset/Dataset_BUSI_with_GT/benign/benign (96).png,benign (96).png,benign,767,574,RGB,1,/kaggle/input/datasets/aryashah2k/breast-ultrasound-images-dataset/Dataset_BUSI_with_GT/benign/benign (96)_mask.png,459399bc00ab44a6b686aec266e39c30,c4b9e34e33f1dc80,433,False,trainval,1
/kaggle/input/datasets/aryashah2k/breast-ultrasound-images-dataset/Dataset_BUSI_with_GT/benign/benign (97).png,benign (97).png,benign,592,470,RGB,1,/kaggle/input/datasets/aryashah2k/breast-ultrasound-images-dataset/Dataset_BUSI_with_GT/benign/benign (97)_mask.png,b4d166369e2abeca0df5e1fde7fb66ca,94d5756468919797,434,False,trainval,0
/kaggle/input/datasets/aryashah2k/breast-ultrasound-images-dataset/Dataset_BUSI_with_GT/benign/benign (98).png,benign (98).png,benign,795,558,RGB,2,/kaggle/input/datasets/aryashah2k/breast-ultrasound-images-dataset/Dataset_BUSI_with_GT/benign/benign (98)_mask.png|/kaggle/input/datasets/aryashah2k/breast-ultrasound-images-dataset/Dataset_BUSI_with_GT/benign/benign (98)_mask_1.png,5e0c1926a49d544b09475c76524d4341,9180cab525db3bcb,435,False,trainval,2
/kaggle/input/datasets/aryashah2k/breast-ultrasound-images-dataset/Dataset_BUSI_with_GT/benign/benign (99).png,benign (99).png,benign,554,471,RGB,1,/kaggle/input/datasets/aryashah2k/breast-ultrasound-images-dataset/Dataset_BUSI_with_GT/benign/benign (99)_mask.png,f827814381c2806080b0ff0f464416a1,d6e0299dd2929ae9,436,False,trainval,2
/kaggle/input/datasets/aryashah2k/breast-ultrasound-images-dataset/Dataset_BUSI_with_GT/malignant/malignant (1).png,malignant (1).png,malignant,449,598,RGB,1,/kaggle/input/datasets/aryashah2k/breast-ultrasound-images-dataset/Dataset_BUSI_with_GT/malignant/malignant (1)_mask.png,638a40ba92a48d5275b08d552229fec9,dae885953e4e3269,437,False,test,-1
/kaggle/input/datasets/aryashah2k/breast-ultrasound-images-dataset/Dataset_BUSI_with_GT/malignant/malignant (10).png,malignant (10).png,malignant,462,393,RGB,1,/kaggle/input/datasets/aryashah2k/breast-ultrasound-images-dataset/Dataset_BUSI_with_GT/malignant/malignant (10)_mask.png,2bbb1f3b5f91915d58a011e6cc649a00,d7a60a89b1dbc2a5,452,False,trainval,1
/kaggle/input/datasets/aryashah2k/breast-ultrasound-images-dataset/Dataset_BUSI_with_GT/malignant/malignant (100).png,malignant (100).png,malignant,557,476,RGB,1,/kaggle/input/datasets/aryashah2k/breast-ultrasound-images-dataset/Dataset_BUSI_with_GT/malignant/malignant (100)_mask.png,7ad9fc484802184293ad8cadc23370ac,b1a3dec888b0fab1,439,False,trainval,4
/kaggle/input/datasets/aryashah2k/breast-ultrasound-images-dataset/Dataset_BUSI_with_GT/malignant/malignant (101).png,malignant (101).png,malignant,883,559,RGB,1,/kaggle/input/datasets/aryashah2k/breast-ultrasound-images-dataset/Dataset_BUSI_with_GT/malignant/malignant (101)_mask.png,3b2c6bf672f86afaf338888a6d443a91,f1d109a4663697e6,440,False,trainval,1
/kaggle/input/datasets/aryashah2k/breast-ultrasound-images-dataset/Dataset_BUSI_with_GT/malignant/malignant (102).png,malignant (102).png,malignant,916,551,RGB,1,/kaggle/input/datasets/aryashah2k/breast-ultrasound-images-dataset/Dataset_BUSI_with_GT/malignant/malignant (102)_mask.png,bf19585179da94020ffc0bd81b5215a6,91c54432338dcf7e,441,False,trainval,2
/kaggle/input/datasets/aryashah2k/breast-ultrasound-images-dataset/Dataset_BUSI_with_GT/malignant/malignant (103).png,malignant (103).png,malignant,555,488,RGB,1,/kaggle/input/datasets/aryashah2k/breast-ultrasound-images-dataset/Dataset_BUSI_with_GT/malignant/malignant (103)_mask.png,c1db90c34f377d33a6374300dd810e86,b3c34d2c3879b1b2,442,False,trainval,0
/kaggle/input/datasets/aryashah2k/breast-ultrasound-images-dataset/Dataset_BUSI_with_GT/malignant/malignant (104).png,malignant (104).png,malignant,554,494,RGB,1,/kaggle/input/datasets/aryashah2k/breast-ultrasound-images-dataset/Dataset_BUSI_with_GT/malignant/malignant (104)_mask.png,543151e6c9fa04f450f67820dfae0725,b4c29bb969743643,443,False,test,-1
/kaggle/input/datasets/aryashah2k/breast-ultrasound-images-dataset/Dataset_BUSI_with_GT/malignant/malignant (105).png,malignant (105).png,malignant,577,450,RGB,1,/kaggle/input/datasets/aryashah2k/breast-ultrasound-images-dataset/Dataset_BUSI_with_GT/malignant/malignant (105)_mask.png,fa20dfe163aeed2ae6e922475f0fda28,d4a021cbde95e4d6,444,False,trainval,4
/kaggle/input/datasets/aryashah2k/breast-ultrasound-images-dataset/Dataset_BUSI_with_GT/malignant/malignant (106).png,malignant (106).png,malignant,667,458,RGB,1,/kaggle/input/datasets/aryashah2k/breast-ultrasound-images-dataset/Dataset_BUSI_with_GT/malignant/malignant (106)_mask.png,4e8a94160595d686199564afa5e574cc,93800c5de787bdca,445,False,trainval,0
/kaggle/input/datasets/aryashah2k/breast-ultrasound-images-dataset/Dataset_BUSI_with_GT/malignant/malignant (107).png,malignant (107).png,malignant,576,454,RGB,1,/kaggle/input/datasets/aryashah2k/breast-ultrasound-images-dataset/Dataset_BUSI_with_GT/malignant/malignant (107)_mask.png,d1ec1bd5a9c6dcb35660c73d6ff41ba8,91eb0f56f0e08dca,446,False,trainval,3
/kaggle/input/datasets/aryashah2k/breast-ultrasound-images-dataset/Dataset_BUSI_with_GT/malignant/malignant (108).png,malignant (108).png,malignant,660,459,RGB,1,/kaggle/input/datasets/aryashah2k/breast-ultrasound-images-dataset/Dataset_BUSI_with_GT/malignant/malignant (108)_mask.png,8aa12efc1211436a70faf102139555ce,808085e13fcfdf93,447,False,trainval,2
/kaggle/input/datasets/aryashah2k/breast-ultrasound-images-dataset/Dataset_BUSI_with_GT/malignant/malignant (109).png,malignant (109).png,malignant,552,471,RGB,1,/kaggle/input/datasets/aryashah2k/breast-ultrasound-images-dataset/Dataset_BUSI_with_GT/malignant/malignant (109)_mask.png,89f30f1ec9c1d3f1029f32d8bbb58256,d3b208f8d6a4b9b8,471,False,trainval,3
/kaggle/input/datasets/aryashah2k/breast-ultrasound-images-dataset/Dataset_BUSI_with_GT/malignant/malignant (11).png,malignant (11).png,malignant,471,393,RGB,1,/kaggle/input/datasets/aryashah2k/breast-ultrasound-images-dataset/Dataset_BUSI_with_GT/malignant/malignant (11)_mask.png,5e68046afdb41ceeea3d5fdb0faa522a,8ff01ae2009dd9d7,449,False,trainval,3
/kaggle/input/datasets/aryashah2k/breast-ultrasound-images-dataset/Dataset_BUSI_with_GT/malignant/malignant (110).png,malignant (110).png,malignant,557,470,RGB,1,/kaggle/input/datasets/aryashah2k/breast-ultrasound-images-dataset/Dataset_BUSI_with_GT/malignant/malignant (110)_mask.png,1c920de7fadb2b0b11b4b9de89056e9f,a3d81ce24f9cb4b2,460,False,trainval,4
/kaggle/input/datasets/aryashah2k/breast-ultrasound-images-dataset/Dataset_BUSI_with_GT/malignant/malignant (111).png,malignant (111).png,malignant,421,470,RGB,1,/kaggle/input/datasets/aryashah2k/breast-ultrasound-images-dataset/Dataset_BUSI_with_GT/malignant/malignant (111)_mask.png,fb4ffa9566351f548d6786907f205ac2,a095cf49376e3b24,451,False,trainval,3
/kaggle/input/datasets/aryashah2k/breast-ultrasound-images-dataset/Dataset_BUSI_with_GT/malignant/malignant (112).png,malignant (112).png,malignant,549,471,RGB,1,/kaggle/input/datasets/aryashah2k/breast-ultrasound-images-dataset/Dataset_BUSI_with_GT/malignant/malignant (112)_mask.png,8ca6806c02a8b745e6b2848448f74f2a,d7a60a89b1dbc227,452,False,trainval,1
/kaggle/input/datasets/aryashah2k/breast-ultrasound-images-dataset/Dataset_BUSI_with_GT/malignant/malignant (113).png,malignant (113).png,malignant,745,482,RGB,1,/kaggle/input/datasets/aryashah2k/breast-ultrasound-images-dataset/Dataset_BUSI_with_GT/malignant/malignant (113)_mask.png,fd986af7ce8415e5d157d082f37666e7,84c159874f948bfe,453,False,test,-1
/kaggle/input/datasets/aryashah2k/breast-ultrasound-images-dataset/Dataset_BUSI_with_GT/malignant/malignant (114).png,malignant (114).png,malignant,340,439,RGB,1,/kaggle/input/datasets/aryashah2k/breast-ultrasound-images-dataset/Dataset_BUSI_with_GT/malignant/malignant (114)_mask.png,c57a9498cf75869160ee79974ad3448a,a1f0decfed6420b0,482,False,trainval,3
/kaggle/input/datasets/aryashah2k/breast-ultrasound-images-dataset/Dataset_BUSI_with_GT/malignant/malignant (115).png,malignant (115).png,malignant,581,438,RGB,1,/kaggle/input/datasets/aryashah2k/breast-ultrasound-images-dataset/Dataset_BUSI_with_GT/malignant/malignant (115)_mask.png,5ec1a90184341fec56be2bb04712bd9e,a484ce5b1bb97364,455,False,trainval,4
/kaggle/input/datasets/aryashah2k/breast-ultrasound-images-dataset/Dataset_BUSI_with_GT/malignant/malignant (116).png,malignant (116).png,malignant,582,434,RGB,1,/kaggle/input/datasets/aryashah2k/breast-ultrasound-images-dataset/Dataset_BUSI_with_GT/malignant/malignant (116)_mask.png,85e075f7c62426f49e859620fa30e067,8c9ab3a7a5656968,526,False,trainval,3
/kaggle/input/datasets/aryashah2k/breast-ultrasound-images-dataset/Dataset_BUSI_with_GT/malignant/malignant (117).png,malignant (117).png,malignant,611,434,RGB,1,/kaggle/input/datasets/aryashah2k/breast-ultrasound-images-dataset/Dataset_BUSI_with_GT/malignant/malignant (117)_mask.png,fe50babdaad4d062af42cb08fd8baf83,8c9c786343879f3c,457,False,trainval,1
/kaggle/input/datasets/aryashah2k/breast-ultrasound-images-dataset/Dataset_BUSI_with_GT/malignant/malignant (118).png,malignant (118).png,malignant,562,473,RGB,1,/kaggle/input/datasets/aryashah2k/breast-ultrasound-images-dataset/Dataset_BUSI_with_GT/malignant/malignant (118)_mask.png,79dd89db3f499f2febe9fd515d6294c2,e0c89b972f6ae0e4,459,False,trainval,0
/kaggle/input/datasets/aryashah2k/breast-ultrasound-images-dataset/Dataset_BUSI_with_GT/malignant/malignant (119).png,malignant (119).png,malignant,564,469,RGB,1,/kaggle/input/datasets/aryashah2k/breast-ultrasound-images-dataset/Dataset_BUSI_with_GT/malignant/malignant (119)_mask.png,5f486f1c4ba39a7e1c9d1297e7112fc7,e0c99b172e6ae0ec,459,False,trainval,0
/kaggle/input/datasets/aryashah2k/breast-ultrasound-images-dataset/Dataset_BUSI_with_GT/malignant/malignant (12).png,malignant (12).png,malignant,479,392,RGB,1,/kaggle/input/datasets/aryashah2k/breast-ultrasound-images-dataset/Dataset_BUSI_with_GT/malignant/malignant (12)_mask.png,ea14f818e6d3ba2f6e8b285f2e1ce16f,a3d914e24f9cb0b3,460,False,trainval,4
/kaggle/input/datasets/aryashah2k/breast-ultrasound-images-dataset/Dataset_BUSI_with_GT/malignant/malignant (120).png,malignant (120).png,malignant,564,470,RGB,1,/kaggle/input/datasets/aryashah2k/breast-ultrasound-images-dataset/Dataset_BUSI_with_GT/malignant/malignant (120)_mask.png,6a4ff0369c3a75a9fee407a0fc09c4e8,e1e69f986468c2e6,461,False,trainval,4
/kaggle/input/datasets/aryashah2k/breast-ultrasound-images-dataset/Dataset_BUSI_with_GT/malignant/malignant (121).png,malignant (121).png,malignant,562,476,RGB,1,/kaggle/input/datasets/aryashah2k/breast-ultrasound-images-dataset/Dataset_BUSI_with_GT/malignant/malignant (121)_mask.png,0d64985e734433a34cdeb95ecd6c1143,c09a3d3d35c7d161,462,False,trainval,2
/kaggle/input/datasets/aryashah2k/breast-ultrasound-images-dataset/Dataset_BUSI_with_GT/malignant/malignant (122).png,malignant (122).png,malignant,554,467,RGB,1,/kaggle/input/datasets/aryashah2k/breast-ultrasound-images-dataset/Dataset_BUSI_with_GT/malignant/malignant (122)_mask.png,7e5ba043019492f79ea75b2cb71b26c1,e1f49e8ba320e4e3,463,False,trainval,0
/kaggle/input/datasets/aryashah2k/breast-ultrasound-images-dataset/Dataset_BUSI_with_GT/malignant/malignant (123).png,malignant (123).png,malignant,321,483,RGB,1,/kaggle/input/datasets/aryashah2k/breast-ultrasound-images-dataset/Dataset_BUSI_with_GT/malignant/malignant (123)_mask.png,712d7049cf726d635a865eeae886f86f,a1f0dfcfc96424b0,482,False,trainval,3
/kaggle/input/datasets/aryashah2k/breast-ultrasound-images-dataset/Dataset_BUSI_with_GT/malignant/malignant (124).png,malignant (124).png,malignant,545,494,RGB,1,/kaggle/input/datasets/aryashah2k/breast-ultrasound-images-dataset/Dataset_BUSI_with_GT/malignant/malignant (124)_mask.png,e3ac8f5d2c2098b4ce6c0e810bd20e6d,f095de8ce90b19b8,465,False,trainval,3
/kaggle/input/datasets/aryashah2k/breast-ultrasound-images-dataset/Dataset_BUSI_with_GT/malignant/malignant (125).png,malignant (125).png,malignant,557,465,RGB,1,/kaggle/input/datasets/aryashah2k/breast-ultrasound-images-dataset/Dataset_BUSI_with_GT/malignant/malignant (125)_mask.png,828f131f974a6623df451096122d1657,a4985b8bb0e6f634,466,False,test,-1
/kaggle/input/datasets/aryashah2k/breast-ultrasound-images-dataset/Dataset_BUSI_with_GT/malignant/malignant (126).png,malignant (126).png,malignant,557,478,RGB,1,/kaggle/input/datasets/aryashah2k/breast-ultrasound-images-dataset/Dataset_BUSI_with_GT/malignant/malignant (126)_mask.png,84ebfe367ba4bbe4183550353a2fc10e,f1910e5ecaa3b326,467,False,trainval,1
/kaggle/input/datasets/aryashah2k/breast-ultrasound-images-dataset/Dataset_BUSI_with_GT/malignant/malignant (127).png,malignant (127).png,malignant,591,464,RGB,1,/kaggle/input/datasets/aryashah2k/breast-ultrasound-images-dataset/Dataset_BUSI_with_GT/malignant/malignant (127)_mask.png,b234162f2e9d454a98309e094b7e3f68,a496cec1d3db1368,468,False,trainval,2
/kaggle/input/datasets/aryashah2k/breast-ultrasound-images-dataset/Dataset_BUSI_with_GT/malignant/malignant (128).png,malignant (128).png,malignant,625,468,RGB,1,/kaggle/input/datasets/aryashah2k/breast-ultrasound-images-dataset/Dataset_BUSI_with_GT/malignant/malignant (128)_mask.png,0df9aa2c847698b77736e4acee217521,a083c9c899cef4f6,469,False,trainval,4
/kaggle/input/datasets/aryashah2k/breast-ultrasound-images-dataset/Dataset_BUSI_with_GT/malignant/malignant (129).png,malignant (129).png,malignant,569,458,RGB,1,/kaggle/input/datasets/aryashah2k/breast-ultrasound-images-dataset/Dataset_BUSI_with_GT/malignant/malignant (129)_mask.png,e7c9ff0e4e0aa098e72e554cbd059879,b293c1cc89cec6d6,470,False,trainval,0
/kaggle/input/datasets/aryashah2k/breast-ultrasound-images-dataset/Dataset_BUSI_with_GT/malignant/malignant (13).png,malignant (13).png,malignant,468,393,RGB,1,/kaggle/input/datasets/aryashah2k/breast-ultrasound-images-dataset/Dataset_BUSI_with_GT/malignant/malignant (13)_mask.png,a94c0835b8740356cb2990420e4bf0be,c3b229f8d6a4b8b8,471,False,trainval,3
/kaggle/input/datasets/aryashah2k/breast-ultrasound-images-dataset/Dataset_BUSI_with_GT/malignant/malignant (130).png,malignant (130).png,malignant,555,463,RGB,1,/kaggle/input/datasets/aryashah2k/breast-ultrasound-images-dataset/Dataset_BUSI_with_GT/malignant/malignant (130)_mask.png,272fcc280dd77a5433890906b062130f,d6cd9b52642798b4,472,False,trainval,1
/kaggle/input/datasets/aryashah2k/breast-ultrasound-images-dataset/Dataset_BUSI_with_GT/malignant/malignant (131).png,malignant (131).png,malignant,604,461,RGB,1,/kaggle/input/datasets/aryashah2k/breast-ultrasound-images-dataset/Dataset_BUSI_with_GT/malignant/malignant (131)_mask.png,c52002cc1d91321df3417463df519e1f,9dd5c5c55a30a595,473,False,trainval,1
/kaggle/input/datasets/aryashah2k/breast-ultrasound-images-dataset/Dataset_BUSI_with_GT/malignant/malignant (132).png,malignant (132).png,malignant,451,581,RGB,1,/kaggle/input/datasets/aryashah2k/breast-ultrasound-images-dataset/Dataset_BUSI_with_GT/malignant/malignant (132)_mask.png,98cfd56d28581855fff5b74d4e0836dd,b8eed1906a4b3965,474,False,test,-1
/kaggle/input/datasets/aryashah2k/breast-ultrasound-images-dataset/Dataset_BUSI_with_GT/malignant/malignant (133).png,malignant (133).png,malignant,479,485,RGB,1,/kaggle/input/datasets/aryashah2k/breast-ultrasound-images-dataset/Dataset_BUSI_with_GT/malignant/malignant (133)_mask.png,a8f80ecdd28c0ab189c8a2787ff09474,a8e5d0d25bc99d89,475,False,trainval,2
/kaggle/input/datasets/aryashah2k/breast-ultrasound-images-dataset/Dataset_BUSI_with_GT/malignant/malignant (134).png,malignant (134).png,malignant,556,467,RGB,1,/kaggle/input/datasets/aryashah2k/breast-ultrasound-images-dataset/Dataset_BUSI_with_GT/malignant/malignant (134)_mask.png,02c4d9e56ca90173c14f90d18bad5ad7,eeb81b67653c01c3,476,False,test,-1
/kaggle/input/datasets/aryashah2k/breast-ultrasound-images-dataset/Dataset_BUSI_with_GT/malignant/malignant (135).png,malignant (135).png,malignant,933,571,RGB,1,/kaggle/input/datasets/aryashah2k/breast-ultrasound-images-dataset/Dataset_BUSI_with_GT/malignant/malignant (135)_mask.png,09c2ec33ecb569a20578b3df0686e0ca,98a74c9e33f38c83,477,False,trainval,3
/kaggle/input/datasets/aryashah2k/breast-ultrasound-images-dataset/Dataset_BUSI_with_GT/malignant/malignant (136).png,malignant (136).png,malignant,190,335,RGB,1,/kaggle/input/datasets/aryashah2k/breast-ultrasound-images-dataset/Dataset_BUSI_with_GT/malignant/malignant (136)_mask.png,8ba03de07d9e4320eb2442c8ecc7e23e,ececa687131b1999,478,False,trainval,4
/kaggle/input/datasets/aryashah2k/breast-ultrasound-images-dataset/Dataset_BUSI_with_GT/malignant/malignant (137).png,malignant (137).png,malignant,233,339,RGB,1,/kaggle/input/datasets/aryashah2k/breast-ultrasound-images-dataset/Dataset_BUSI_with_GT/malignant/malignant (137)_mask.png,ff6db38a4b861af09d675ab327a92e42,e5b991c1eada4646,479,False,trainval,0
/kaggle/input/datasets/aryashah2k/breast-ultrasound-images-dataset/Dataset_BUSI_with_GT/malignant/malignant (138).png,malignant (138).png,malignant,556,467,RGB,1,/kaggle/input/datasets/aryashah2k/breast-ultrasound-images-dataset/Dataset_BUSI_with_GT/malignant/malignant (138)_mask.png,1fbd0e6c620b1b8e01b65256551d4bad,f1904e0e39a4f6c7,480,False,trainval,4
/kaggle/input/datasets/aryashah2k/breast-ultrasound-images-dataset/Dataset_BUSI_with_GT/malignant/malignant (139).png,malignant (139).png,malignant,549,474,RGB,1,/kaggle/input/datasets/aryashah2k/breast-ultrasound-images-dataset/Dataset_BUSI_with_GT/malignant/malignant (139)_mask.png,caa12f29ae39372ee912215963c4e0ed,b9b2e2c2c18de4f8,481,False,trainval,2
/kaggle/input/datasets/aryashah2k/breast-ultrasound-images-dataset/Dataset_BUSI_with_GT/malignant/malignant (14).png,malignant (14).png,malignant,273,398,RGB,1,/kaggle/input/datasets/aryashah2k/breast-ultrasound-images-dataset/Dataset_BUSI_with_GT/malignant/malignant (14)_mask.png,2ca000bb2c768b3ac52eefa36c871ca9,b1f0decfc96424b0,482,False,trainval,3
/kaggle/input/datasets/aryashah2k/breast-ultrasound-images-dataset/Dataset_BUSI_with_GT/malignant/malignant (140).png,malignant (140).png,malignant,546,463,RGB,1,/kaggle/input/datasets/aryashah2k/breast-ultrasound-images-dataset/Dataset_BUSI_with_GT/malignant/malignant (140)_mask.png,fafde1ad0f92cd29c13233c5c4954083,a2eca5c0939f58d9,483,False,trainval,1
/kaggle/input/datasets/aryashah2k/breast-ultrasound-images-dataset/Dataset_BUSI_with_GT/malignant/malignant (141).png,malignant (141).png,malignant,588,434,RGB,1,/kaggle/input/datasets/aryashah2k/breast-ultrasound-images-dataset/Dataset_BUSI_with_GT/malignant/malignant (141)_mask.png,5e24039578007e13624cfd690c4655cb,89e4549ab3d3658d,484,False,test,-1
/kaggle/input/datasets/aryashah2k/breast-ultrasound-images-dataset/Dataset_BUSI_with_GT/malignant/malignant (142).png,malignant (142).png,malignant,556,465,RGB,1,/kaggle/input/datasets/aryashah2k/breast-ultrasound-images-dataset/Dataset_BUSI_with_GT/malignant/malignant (142)_mask.png,3515c8d2c458081268f721176cd693a7,e19f5861671e8b89,485,False,trainval,1
/kaggle/input/datasets/aryashah2k/breast-ultrasound-images-dataset/Dataset_BUSI_with_GT/malignant/malignant (143).png,malignant (143).png,malignant,562,467,RGB,1,/kaggle/input/datasets/aryashah2k/breast-ultrasound-images-dataset/Dataset_BUSI_with_GT/malignant/malignant (143)_mask.png,e0acda8746aa92d036047f812bb311ba,c4b12e6f8fb0b1c4,486,False,trainval,3
/kaggle/input/datasets/aryashah2k/breast-ultrasound-images-dataset/Dataset_BUSI_with_GT/malignant/malignant (144).png,malignant (144).png,malignant,544,470,RGB,1,/kaggle/input/datasets/aryashah2k/breast-ultrasound-images-dataset/Dataset_BUSI_with_GT/malignant/malignant (144)_mask.png,086b59f7c7a23512e1e91d4fee054037,e1979e4c6ce80ad3,487,False,trainval,1
/kaggle/input/datasets/aryashah2k/breast-ultrasound-images-dataset/Dataset_BUSI_with_GT/malignant/malignant (145).png,malignant (145).png,malignant,550,462,RGB,1,/kaggle/input/datasets/aryashah2k/breast-ultrasound-images-dataset/Dataset_BUSI_with_GT/malignant/malignant (145)_mask.png,88f5ac307c1827b335d8b981c31262dc,f1918fcecee62c02,488,True,excluded,-1
/kaggle/input/datasets/aryashah2k/breast-ultrasound-images-dataset/Dataset_BUSI_with_GT/malignant/malignant (146).png,malignant (146).png,malignant,575,432,RGB,1,/kaggle/input/datasets/aryashah2k/breast-ultrasound-images-dataset/Dataset_BUSI_with_GT/malignant/malignant (146)_mask.png,e0d9b8b4a8141aa87b2105229da81bdc,d4708bcf3d8ca493,489,False,trainval,0
/kaggle/input/datasets/aryashah2k/breast-ultrasound-images-dataset/Dataset_BUSI_with_GT/malignant/malignant (147).png,malignant (147).png,malignant,552,471,RGB,1,/kaggle/input/datasets/aryashah2k/breast-ultrasound-images-dataset/Dataset_BUSI_with_GT/malignant/malignant (147)_mask.png,755c914d4f15cb75d3217fee143d8b6b,b5d4ca0aa3274dd9,490,False,test,-1
/kaggle/input/datasets/aryashah2k/breast-ultrasound-images-dataset/Dataset_BUSI_with_GT/malignant/malignant (148).png,malignant (148).png,malignant,556,463,RGB,1,/kaggle/input/datasets/aryashah2k/breast-ultrasound-images-dataset/Dataset_BUSI_with_GT/malignant/malignant (148)_mask.png,9668d23cd8f36c53ec889a6b6190effb,c0ff3e904167198f,491,False,trainval,2
/kaggle/input/datasets/aryashah2k/breast-ultrasound-images-dataset/Dataset_BUSI_with_GT/malignant/malignant (149).png,malignant (149).png,malignant,763,572,RGB,1,/kaggle/input/datasets/aryashah2k/breast-ultrasound-images-dataset/Dataset_BUSI_with_GT/malignant/malignant (149)_mask.png,f20b9c2fd003c0a4ef63e8de41916759,ed91d0162f3cf0cc,492,False,trainval,3
/kaggle/input/datasets/aryashah2k/breast-ultrasound-images-dataset/Dataset_BUSI_with_GT/malignant/malignant (15).png,malignant (15).png,malignant,361,398,RGB,1,/kaggle/input/datasets/aryashah2k/breast-ultrasound-images-dataset/Dataset_BUSI_with_GT/malignant/malignant (15)_mask.png,4d781d47b104d9932eb991915f20233e,8097cfcb35663b24,493,False,trainval,3
/kaggle/input/datasets/aryashah2k/breast-ultrasound-images-dataset/Dataset_BUSI_with_GT/malignant/malignant (150).png,malignant (150).png,malignant,557,463,RGB,1,/kaggle/input/datasets/aryashah2k/breast-ultrasound-images-dataset/Dataset_BUSI_with_GT/malignant/malignant (150)_mask.png,32b5d94e7c72a3245e6af4fb60810f1d,e4f8d53c1c276a85,494,False,trainval,0
/kaggle/input/datasets/aryashah2k/breast-ultrasound-images-dataset/Dataset_BUSI_with_GT/malignant/malignant (151).png,malignant (151).png,malignant,513,467,RGB,1,/kaggle/input/datasets/aryashah2k/breast-ultrasound-images-dataset/Dataset_BUSI_with_GT/malignant/malignant (151)_mask.png,64b5052ed048e6d02904dd47b1a630f2,c7859d73e2a82c2e,495,False,trainval,4
/kaggle/input/datasets/aryashah2k/breast-ultrasound-images-dataset/Dataset_BUSI_with_GT/malignant/malignant (152).png,malignant (152).png,malignant,776,574,RGB,1,/kaggle/input/datasets/aryashah2k/breast-ultrasound-images-dataset/Dataset_BUSI_with_GT/malignant/malignant (152)_mask.png,190d8d71cd5b453b7b5043f4a19f08ef,e68e9931799aca85,496,False,trainval,1
/kaggle/input/datasets/aryashah2k/breast-ultrasound-images-dataset/Dataset_BUSI_with_GT/malignant/malignant (153).png,malignant (153).png,malignant,650,603,RGB,1,/kaggle/input/datasets/aryashah2k/breast-ultrasound-images-dataset/Dataset_BUSI_with_GT/malignant/malignant (153)_mask.png,1160f11df0d15b128b27449dc4f1590e,a6a7c69b195d9914,497,False,test,-1
/kaggle/input/datasets/aryashah2k/breast-ultrasound-images-dataset/Dataset_BUSI_with_GT/malignant/malignant (154).png,malignant (154).png,malignant,556,464,RGB,1,/kaggle/input/datasets/aryashah2k/breast-ultrasound-images-dataset/Dataset_BUSI_with_GT/malignant/malignant (154)_mask.png,97ec3f6ba3364653c46b8410df895136,e0bd44c09bfb47e0,498,False,trainval,0
/kaggle/input/datasets/aryashah2k/breast-ultrasound-images-dataset/Dataset_BUSI_with_GT/malignant/malignant (155).png,malignant (155).png,malignant,551,487,RGB,1,/kaggle/input/datasets/aryashah2k/breast-ultrasound-images-dataset/Dataset_BUSI_with_GT/malignant/malignant (155)_mask.png,12ad5fdae79d37b8f723e02265550fd6,b5830e9e9b88d0f5,499,False,trainval,2
/kaggle/input/datasets/aryashah2k/breast-ultrasound-images-dataset/Dataset_BUSI_with_GT/malignant/malignant (156).png,malignant (156).png,malignant,562,457,RGB,1,/kaggle/input/datasets/aryashah2k/breast-ultrasound-images-dataset/Dataset_BUSI_with_GT/malignant/malignant (156)_mask.png,633ac40741cd393f69bcc8d51a582416,c4b281e5dbd934b4,500,False,trainval,4
/kaggle/input/datasets/aryashah2k/breast-ultrasound-images-dataset/Dataset_BUSI_with_GT/malignant/malignant (157).png,malignant (157).png,malignant,564,471,RGB,1,/kaggle/input/datasets/aryashah2k/breast-ultrasound-images-dataset/Dataset_BUSI_with_GT/malignant/malignant (157)_mask.png,5781b8818f0612db06d69b5a1020a0b9,b2cbec07d19adaa0,501,False,trainval,3
/kaggle/input/datasets/aryashah2k/breast-ultrasound-images-dataset/Dataset_BUSI_with_GT/malignant/malignant (158).png,malignant (158).png,malignant,313,444,RGB,1,/kaggle/input/datasets/aryashah2k/breast-ultrasound-images-dataset/Dataset_BUSI_with_GT/malignant/malignant (158)_mask.png,18073171cb1a4fa8093483edcec668cc,f3ec95911d5c581a,502,False,trainval,1
/kaggle/input/datasets/aryashah2k/breast-ultrasound-images-dataset/Dataset_BUSI_with_GT/malignant/malignant (159).png,malignant (159).png,malignant,556,482,RGB,1,/kaggle/input/datasets/aryashah2k/breast-ultrasound-images-dataset/Dataset_BUSI_with_GT/malignant/malignant (159)_mask.png,42476ecef66446821287e8ec0c346aac,e1cb0d3d52b31e8c,503,False,trainval,0
/kaggle/input/datasets/aryashah2k/breast-ultrasound-images-dataset/Dataset_BUSI_with_GT/malignant/malignant (16).png,malignant (16).png,malignant,511,472,RGB,1,/kaggle/input/datasets/aryashah2k/breast-ultrasound-images-dataset/Dataset_BUSI_with_GT/malignant/malignant (16)_mask.png,6f3e18504fb49a5bf8c3c257baf263ee,b1c1c2eacdcee0b2,504,False,trainval,2
/kaggle/input/datasets/aryashah2k/breast-ultrasound-images-dataset/Dataset_BUSI_with_GT/malignant/malignant (160).png,malignant (160).png,malignant,626,587,RGB,1,/kaggle/input/datasets/aryashah2k/breast-ultrasound-images-dataset/Dataset_BUSI_with_GT/malignant/malignant (160)_mask.png,dca3e09b95b68fdd49e716947befd952,e9899dde3662b230,505,False,trainval,3
/kaggle/input/datasets/aryashah2k/breast-ultrasound-images-dataset/Dataset_BUSI_with_GT/malignant/malignant (161).png,malignant (161).png,malignant,694,576,RGB,1,/kaggle/input/datasets/aryashah2k/breast-ultrasound-images-dataset/Dataset_BUSI_with_GT/malignant/malignant (161)_mask.png,becba5329ddcad495bd92e398769db6a,a9e1ec8606c2d6ed,506,False,test,-1
/kaggle/input/datasets/aryashah2k/breast-ultrasound-images-dataset/Dataset_BUSI_with_GT/malignant/malignant (162).png,malignant (162).png,malignant,620,587,RGB,1,/kaggle/input/datasets/aryashah2k/breast-ultrasound-images-dataset/Dataset_BUSI_with_GT/malignant/malignant (162)_mask.png,8c60178bca883b1419b968971d4bc8ff,9aab81d5b68cd85a,507,False,trainval,4
/kaggle/input/datasets/aryashah2k/breast-ultrasound-images-dataset/Dataset_BUSI_with_GT/malignant/malignant (163).png,malignant (163).png,malignant,643,570,RGB,1,/kaggle/input/datasets/aryashah2k/breast-ultrasound-images-dataset/Dataset_BUSI_with_GT/malignant/malignant (163)_mask.png,ff819a2f572f8468bbf95891a43c4810,d19490f24ad34fce,508,False,trainval,0
/kaggle/input/datasets/aryashah2k/breast-ultrasound-images-dataset/Dataset_BUSI_with_GT/malignant/malignant (164).png,malignant (164).png,malignant,551,473,RGB,1,/kaggle/input/datasets/aryashah2k/breast-ultrasound-images-dataset/Dataset_BUSI_with_GT/malignant/malignant (164)_mask.png,f94d33df917dc8280a4c73366fe5a3f8,e0b99998cbafc4e0,509,False,trainval,1
/kaggle/input/datasets/aryashah2k/breast-ultrasound-images-dataset/Dataset_BUSI_with_GT/malignant/malignant (165).png,malignant (165).png,malignant,505,332,RGB,1,/kaggle/input/datasets/aryashah2k/breast-ultrasound-images-dataset/Dataset_BUSI_with_GT/malignant/malignant (165)_mask.png,f34166f80a323867dfde67c7ed7eff11,f8d1959eae654544,510,False,trainval,2
/kaggle/input/datasets/aryashah2k/breast-ultrasound-images-dataset/Dataset_BUSI_with_GT/malignant/malignant (166).png,malignant (166).png,malignant,555,488,RGB,1,/kaggle/input/datasets/aryashah2k/breast-ultrasound-images-dataset/Dataset_BUSI_with_GT/malignant/malignant (166)_mask.png,606205d90a2fb40e2d4a3f847919881e,95c962e0f0f895c7,511,False,trainval,3
/kaggle/input/datasets/aryashah2k/breast-ultrasound-images-dataset/Dataset_BUSI_with_GT/malignant/malignant (167).png,malignant (167).png,malignant,563,459,RGB,1,/kaggle/input/datasets/aryashah2k/breast-ultrasound-images-dataset/Dataset_BUSI_with_GT/malignant/malignant (167)_mask.png,23610e05b694ef9bdc9c3a2600ea9428,8e93c47c373419c7,512,False,trainval,4
/kaggle/input/datasets/aryashah2k/breast-ultrasound-images-dataset/Dataset_BUSI_with_GT/malignant/malignant (168).png,malignant (168).png,malignant,557,469,RGB,1,/kaggle/input/datasets/aryashah2k/breast-ultrasound-images-dataset/Dataset_BUSI_with_GT/malignant/malignant (168)_mask.png,0db702111e61e793263f96ec4d6ce69c,e6d699193961a9e2,513,False,test,-1
/kaggle/input/datasets/aryashah2k/breast-ultrasound-images-dataset/Dataset_BUSI_with_GT/malignant/malignant (169).png,malignant (169).png,malignant,557,463,RGB,1,/kaggle/input/datasets/aryashah2k/breast-ultrasound-images-dataset/Dataset_BUSI_with_GT/malignant/malignant (169)_mask.png,cf315f46c4ddea75af8fc6b12cd4d91b,9d9f4ac033338d9c,514,False,trainval,2
/kaggle/input/datasets/aryashah2k/breast-ultrasound-images-dataset/Dataset_BUSI_with_GT/malignant/malignant (17).png,malignant (17).png,malignant,765,590,RGB,1,/kaggle/input/datasets/aryashah2k/breast-ultrasound-images-dataset/Dataset_BUSI_with_GT/malignant/malignant (17)_mask.png,e8594938e706a73d27709fad71bd8973,b8a2ee9d896a7225,634,False,test,-1
/kaggle/input/datasets/aryashah2k/breast-ultrasound-images-dataset/Dataset_BUSI_with_GT/malignant/malignant (170).png,malignant (170).png,malignant,556,463,RGB,1,/kaggle/input/datasets/aryashah2k/breast-ultrasound-images-dataset/Dataset_BUSI_with_GT/malignant/malignant (170)_mask.png,0f8916cc69d5ecf458420ee19190ce6e,f1e184850fdee2b8,516,False,trainval,4
/kaggle/input/datasets/aryashah2k/breast-ultrasound-images-dataset/Dataset_BUSI_with_GT/malignant/malignant (171).png,malignant (171).png,malignant,624,589,RGB,1,/kaggle/input/datasets/aryashah2k/breast-ultrasound-images-dataset/Dataset_BUSI_with_GT/malignant/malignant (171)_mask.png,711a58453611e18a19420256049a45f6,a08517dada1f3363,517,False,trainval,2
/kaggle/input/datasets/aryashah2k/breast-ultrasound-images-dataset/Dataset_BUSI_with_GT/malignant/malignant (172).png,malignant (172).png,malignant,602,469,RGB,1,/kaggle/input/datasets/aryashah2k/breast-ultrasound-images-dataset/Dataset_BUSI_with_GT/malignant/malignant (172)_mask.png,0d7c7dece87b6be854b788f3ded3ec34,b1d1d5b49d0507cb,518,False,trainval,1
/kaggle/input/datasets/aryashah2k/breast-ultrasound-images-dataset/Dataset_BUSI_with_GT/malignant/malignant (173).png,malignant (173).png,malignant,573,451,RGB,1,/kaggle/input/datasets/aryashah2k/breast-ultrasound-images-dataset/Dataset_BUSI_with_GT/malignant/malignant (173)_mask.png,b6e263ccc7741b7f9fe46afec25c54ef,ece8f201868abedc,519,False,trainval,0
/kaggle/input/datasets/aryashah2k/breast-ultrasound-images-dataset/Dataset_BUSI_with_GT/malignant/malignant (174).png,malignant (174).png,malignant,633,581,RGB,1,/kaggle/input/datasets/aryashah2k/breast-ultrasound-images-dataset/Dataset_BUSI_with_GT/malignant/malignant (174)_mask.png,173ba41a134b764391bf33eb6b56e928,8492f3e18dcd4f0e,520,False,trainval,3
/kaggle/input/datasets/aryashah2k/breast-ultrasound-images-dataset/Dataset_BUSI_with_GT/malignant/malignant (175).png,malignant (175).png,malignant,564,470,RGB,1,/kaggle/input/datasets/aryashah2k/breast-ultrasound-images-dataset/Dataset_BUSI_with_GT/malignant/malignant (175)_mask.png,5e0a2faaacc75c28cce3aa2bee54fbd7,eecec1d19bbb6800,521,False,trainval,4
/kaggle/input/datasets/aryashah2k/breast-ultrasound-images-dataset/Dataset_BUSI_with_GT/malignant/malignant (176).png,malignant (176).png,malignant,640,594,RGB,1,/kaggle/input/datasets/aryashah2k/breast-ultrasound-images-dataset/Dataset_BUSI_with_GT/malignant/malignant (176)_mask.png,fffbcf0dfc54443c9276049b6416b9d3,aab8d0c383c647cf,522,False,test,-1
/kaggle/input/datasets/aryashah2k/breast-ultrasound-images-dataset/Dataset_BUSI_with_GT/malignant/malignant (177).png,malignant (177).png,malignant,613,581,RGB,1,/kaggle/input/datasets/aryashah2k/breast-ultrasound-images-dataset/Dataset_BUSI_with_GT/malignant/malignant (177)_mask.png,4686bb89280bf50b0eb543e091ca7750,eece83b930705157,523,False,trainval,1
/kaggle/input/datasets/aryashah2k/breast-ultrasound-images-dataset/Dataset_BUSI_with_GT/malignant/malignant (178).png,malignant (178).png,malignant,562,467,RGB,1,/kaggle/input/datasets/aryashah2k/breast-ultrasound-images-dataset/Dataset_BUSI_with_GT/malignant/malignant (178)_mask.png,dedec79ae50683bb725e5a8ff4961912,ece0418d9dbcacc6,524,False,trainval,2
/kaggle/input/datasets/aryashah2k/breast-ultrasound-images-dataset/Dataset_BUSI_with_GT/malignant/malignant (179).png,malignant (179).png,malignant,432,476,RGB,1,/kaggle/input/datasets/aryashah2k/breast-ultrasound-images-dataset/Dataset_BUSI_with_GT/malignant/malignant (179)_mask.png,f630572bcf07aa1253f6da85a016e7f0,e7809e193962a6ee,525,False,trainval,0
/kaggle/input/datasets/aryashah2k/breast-ultrasound-images-dataset/Dataset_BUSI_with_GT/malignant/malignant (18).png,malignant (18).png,malignant,579,437,RGB,1,/kaggle/input/datasets/aryashah2k/breast-ultrasound-images-dataset/Dataset_BUSI_with_GT/malignant/malignant (18)_mask.png,760c73fe783a8ad074bab0bdcfb76545,8c9ab3a7a5656968,526,False,trainval,3
/kaggle/input/datasets/aryashah2k/breast-ultrasound-images-dataset/Dataset_BUSI_with_GT/malignant/malignant (180).png,malignant (180).png,malignant,562,461,RGB,1,/kaggle/input/datasets/aryashah2k/breast-ultrasound-images-dataset/Dataset_BUSI_with_GT/malignant/malignant (180)_mask.png,a238ce0c894929be5ba007961fc86e36,b4c8233b5ce593f0,527,False,trainval,4
/kaggle/input/datasets/aryashah2k/breast-ultrasound-images-dataset/Dataset_BUSI_with_GT/malignant/malignant (181).png,malignant (181).png,malignant,497,488,RGB,1,/kaggle/input/datasets/aryashah2k/breast-ultrasound-images-dataset/Dataset_BUSI_with_GT/malignant/malignant (181)_mask.png,10683bd125fa38146a2741a1ac3ef1d0,bbb39b9d5c686060,528,False,trainval,1
/kaggle/input/datasets/aryashah2k/breast-ultrasound-images-dataset/Dataset_BUSI_with_GT/malignant/malignant (182).png,malignant (182).png,malignant,689,583,RGB,1,/kaggle/input/datasets/aryashah2k/breast-ultrasound-images-dataset/Dataset_BUSI_with_GT/malignant/malignant (182)_mask.png,a33c85e6dd53a2bc8f36e3a9190599cf,b0e1cf8eb492d9c1,529,False,test,-1
/kaggle/input/datasets/aryashah2k/breast-ultrasound-images-dataset/Dataset_BUSI_with_GT/malignant/malignant (183).png,malignant (183).png,malignant,557,457,RGB,1,/kaggle/input/datasets/aryashah2k/breast-ultrasound-images-dataset/Dataset_BUSI_with_GT/malignant/malignant (183)_mask.png,e89f2fd69cffa836fc5ae625f2fd5a44,a484df8aa9a8bae3,530,False,trainval,3
/kaggle/input/datasets/aryashah2k/breast-ultrasound-images-dataset/Dataset_BUSI_with_GT/malignant/malignant (184).png,malignant (184).png,malignant,552,492,RGB,1,/kaggle/input/datasets/aryashah2k/breast-ultrasound-images-dataset/Dataset_BUSI_with_GT/malignant/malignant (184)_mask.png,1be8ec993e7996079326ea2684fed488,b1f0c8899b8eccec,531,False,trainval,2
/kaggle/input/datasets/aryashah2k/breast-ultrasound-images-dataset/Dataset_BUSI_with_GT/malignant/malignant (185).png,malignant (185).png,malignant,694,582,RGB,1,/kaggle/input/datasets/aryashah2k/breast-ultrasound-images-dataset/Dataset_BUSI_with_GT/malignant/malignant (185)_mask.png,6ff6e218f63e91fd7e484c14e7ab9632,9eb0418dbbbc88e3,532,False,trainval,1
/kaggle/input/datasets/aryashah2k/breast-ultrasound-images-dataset/Dataset_BUSI_with_GT/malignant/malignant (186).png,malignant (186).png,malignant,566,506,RGB,1,/kaggle/input/datasets/aryashah2k/breast-ultrasound-images-dataset/Dataset_BUSI_with_GT/malignant/malignant (186)_mask.png,0d691c86af5ca60c28aba9fbc1c82957,e1a5959e87d05cd8,533,False,trainval,0
/kaggle/input/datasets/aryashah2k/breast-ultrasound-images-dataset/Dataset_BUSI_with_GT/malignant/malignant (187).png,malignant (187).png,malignant,765,585,RGB,1,/kaggle/input/datasets/aryashah2k/breast-ultrasound-images-dataset/Dataset_BUSI_with_GT/malignant/malignant (187)_mask.png,0cc6f7814185ac0fe507eab64881e384,b2e04f1c3c7ce1e2,534,False,trainval,1
/kaggle/input/datasets/aryashah2k/breast-ultrasound-images-dataset/Dataset_BUSI_with_GT/malignant/malignant (188).png,malignant (188).png,malignant,724,473,RGB,1,/kaggle/input/datasets/aryashah2k/breast-ultrasound-images-dataset/Dataset_BUSI_with_GT/malignant/malignant (188)_mask.png,23cab5f658742023843c9776aa6c2126,b5d2ca0c4df2b2b1,535,False,trainval,2
/kaggle/input/datasets/aryashah2k/breast-ultrasound-images-dataset/Dataset_BUSI_with_GT/malignant/malignant (189).png,malignant (189).png,malignant,433,400,RGB,1,/kaggle/input/datasets/aryashah2k/breast-ultrasound-images-dataset/Dataset_BUSI_with_GT/malignant/malignant (189)_mask.png,f36c762e8d373e9988bc0c71b0cad7ff,978d9d94c8969e89,536,False,test,-1
/kaggle/input/datasets/aryashah2k/breast-ultrasound-images-dataset/Dataset_BUSI_with_GT/malignant/malignant (19).png,malignant (19).png,malignant,554,459,RGB,1,/kaggle/input/datasets/aryashah2k/breast-ultrasound-images-dataset/Dataset_BUSI_with_GT/malignant/malignant (19)_mask.png,199faac3c1225325098cc082266983cd,a4c24b396865f5f2,537,False,trainval,3
/kaggle/input/datasets/aryashah2k/breast-ultrasound-images-dataset/Dataset_BUSI_with_GT/malignant/malignant (190).png,malignant (190).png,malignant,576,427,RGB,1,/kaggle/input/datasets/aryashah2k/breast-ultrasound-images-dataset/Dataset_BUSI_with_GT/malignant/malignant (190)_mask.png,26ecd9a137134128d9f52100e8cac959,a0824f8d8d5b766e,538,False,trainval,4
/kaggle/input/datasets/aryashah2k/breast-ultrasound-images-dataset/Dataset_BUSI_with_GT/malignant/malignant (191).png,malignant (191).png,malignant,673,471,RGB,1,/kaggle/input/datasets/aryashah2k/breast-ultrasound-images-dataset/Dataset_BUSI_with_GT/malignant/malignant (191)_mask.png,0adb09463a46a537ef20981b9d72fa5e,d7d4e090c6d09ed3,539,False,trainval,0
/kaggle/input/datasets/aryashah2k/breast-ultrasound-images-dataset/Dataset_BUSI_with_GT/malignant/malignant (192).png,malignant (192).png,malignant,556,488,RGB,1,/kaggle/input/datasets/aryashah2k/breast-ultrasound-images-dataset/Dataset_BUSI_with_GT/malignant/malignant (192)_mask.png,0fd7462f0e9898722850e0d572b08659,a1895c7c32e2a78f,540,False,trainval,3
/kaggle/input/datasets/aryashah2k/breast-ultrasound-images-dataset/Dataset_BUSI_with_GT/malignant/malignant (193).png,malignant (193).png,malignant,781,574,RGB,1,/kaggle/input/datasets/aryashah2k/breast-ultrasound-images-dataset/Dataset_BUSI_with_GT/malignant/malignant (193)_mask.png,370c38a73296ef325aa3dd9257c71537,f8a30e4cc8e8729f,541,False,trainval,0
/kaggle/input/datasets/aryashah2k/breast-ultrasound-images-dataset/Dataset_BUSI_with_GT/malignant/malignant (194).png,malignant (194).png,malignant,923,555,RGB,1,/kaggle/input/datasets/aryashah2k/breast-ultrasound-images-dataset/Dataset_BUSI_with_GT/malignant/malignant (194)_mask.png,00e6d8ce815bd7242b1e7a1e4efdc3fe,ddb514c66c0adae1,542,False,trainval,4
/kaggle/input/datasets/aryashah2k/breast-ultrasound-images-dataset/Dataset_BUSI_with_GT/malignant/malignant (195).png,malignant (195).png,malignant,555,475,RGB,1,/kaggle/input/datasets/aryashah2k/breast-ultrasound-images-dataset/Dataset_BUSI_with_GT/malignant/malignant (195)_mask.png,738294b7445b17c7070e54619aa610eb,b4d08f0f3034ecb7,543,False,trainval,0
/kaggle/input/datasets/aryashah2k/breast-ultrasound-images-dataset/Dataset_BUSI_with_GT/malignant/malignant (196).png,malignant (196).png,malignant,557,465,RGB,1,/kaggle/input/datasets/aryashah2k/breast-ultrasound-images-dataset/Dataset_BUSI_with_GT/malignant/malignant (196)_mask.png,41cbeb8e7871b923aae5f2181eb4735d,b9f1868ecc05e0fa,544,False,trainval,1
/kaggle/input/datasets/aryashah2k/breast-ultrasound-images-dataset/Dataset_BUSI_with_GT/malignant/malignant (197).png,malignant (197).png,malignant,552,484,RGB,1,/kaggle/input/datasets/aryashah2k/breast-ultrasound-images-dataset/Dataset_BUSI_with_GT/malignant/malignant (197)_mask.png,32e1f63f78d7ff1be413400d41313d31,f1830ee8aa81deba,545,False,trainval,2
/kaggle/input/datasets/aryashah2k/breast-ultrasound-images-dataset/Dataset_BUSI_with_GT/malignant/malignant (198).png,malignant (198).png,malignant,616,677,RGB,1,/kaggle/input/datasets/aryashah2k/breast-ultrasound-images-dataset/Dataset_BUSI_with_GT/malignant/malignant (198)_mask.png,8ab098c5e8bb0922cbf6596ac10fddfd,8e8f9cbc78707262,546,False,trainval,3
/kaggle/input/datasets/aryashah2k/breast-ultrasound-images-dataset/Dataset_BUSI_with_GT/malignant/malignant (199).png,malignant (199).png,malignant,504,473,RGB,1,/kaggle/input/datasets/aryashah2k/breast-ultrasound-images-dataset/Dataset_BUSI_with_GT/malignant/malignant (199)_mask.png,f3943b26783a745d07f1c4dc5d46e128,b6e1410a29a7b6b7,547,False,test,-1
/kaggle/input/datasets/aryashah2k/breast-ultrasound-images-dataset/Dataset_BUSI_with_GT/malignant/malignant (2).png,malignant (2).png,malignant,548,495,RGB,1,/kaggle/input/datasets/aryashah2k/breast-ultrasound-images-dataset/Dataset_BUSI_with_GT/malignant/malignant (2)_mask.png,a52d4b00833574cdc01fa69783d98889,c0939d9c4deb4b51,548,False,trainval,4
/kaggle/input/datasets/aryashah2k/breast-ultrasound-images-dataset/Dataset_BUSI_with_GT/malignant/malignant (20).png,malignant (20).png,malignant,558,475,RGB,1,/kaggle/input/datasets/aryashah2k/breast-ultrasound-images-dataset/Dataset_BUSI_with_GT/malignant/malignant (20)_mask.png,0c71a155965d0fbfcd6f4ea3bc53d9f9,a4c09a296ed6a5e7,549,False,trainval,3
/kaggle/input/datasets/aryashah2k/breast-ultrasound-images-dataset/Dataset_BUSI_with_GT/malignant/malignant (200).png,malignant (200).png,malignant,438,463,RGB,1,/kaggle/input/datasets/aryashah2k/breast-ultrasound-images-dataset/Dataset_BUSI_with_GT/malignant/malignant (200)_mask.png,ead5d909517295d00a91522d9c2c4477,80d47f5f632c3c92,550,False,trainval,0
/kaggle/input/datasets/aryashah2k/breast-ultrasound-images-dataset/Dataset_BUSI_with_GT/malignant/malignant (201).png,malignant (201).png,malignant,678,576,RGB,1,/kaggle/input/datasets/aryashah2k/breast-ultrasound-images-dataset/Dataset_BUSI_with_GT/malignant/malignant (201)_mask.png,8288d67e5884b9150ace12fc08c51c68,a3a1dede3c394183,551,False,test,-1
/kaggle/input/datasets/aryashah2k/breast-ultrasound-images-dataset/Dataset_BUSI_with_GT/malignant/malignant (202).png,malignant (202).png,malignant,550,491,RGB,1,/kaggle/input/datasets/aryashah2k/breast-ultrasound-images-dataset/Dataset_BUSI_with_GT/malignant/malignant (202)_mask.png,cf68de7f4f53cba016ff8d4bdfa5af79,b1f0c38f8dccc4e4,552,False,trainval,2
/kaggle/input/datasets/aryashah2k/breast-ultrasound-images-dataset/Dataset_BUSI_with_GT/malignant/malignant (203).png,malignant (203).png,malignant,577,411,RGB,1,/kaggle/input/datasets/aryashah2k/breast-ultrasound-images-dataset/Dataset_BUSI_with_GT/malignant/malignant (203)_mask.png,97d56980b3f4843517dcfaa7dd8cdb8d,e6f8998f0e060e7a,553,False,trainval,3
/kaggle/input/datasets/aryashah2k/breast-ultrasound-images-dataset/Dataset_BUSI_with_GT/malignant/malignant (204).png,malignant (204).png,malignant,875,585,RGB,1,/kaggle/input/datasets/aryashah2k/breast-ultrasound-images-dataset/Dataset_BUSI_with_GT/malignant/malignant (204)_mask.png,fde0e15c4a274bf864d91e3c17dc0aff,e7e6ba1919129a2e,554,False,trainval,2
/kaggle/input/datasets/aryashah2k/breast-ultrasound-images-dataset/Dataset_BUSI_with_GT/malignant/malignant (205).png,malignant (205).png,malignant,510,470,RGB,1,/kaggle/input/datasets/aryashah2k/breast-ultrasound-images-dataset/Dataset_BUSI_with_GT/malignant/malignant (205)_mask.png,771b7be190cb42f790e210aa929d6cef,a183875ec8fcb4b2,555,False,trainval,1
/kaggle/input/datasets/aryashah2k/breast-ultrasound-images-dataset/Dataset_BUSI_with_GT/malignant/malignant (206).png,malignant (206).png,malignant,792,571,RGB,1,/kaggle/input/datasets/aryashah2k/breast-ultrasound-images-dataset/Dataset_BUSI_with_GT/malignant/malignant (206)_mask.png,c730cec7cd2bd806b0081429c85600a2,b098c86f273f33c8,556,False,trainval,4
/kaggle/input/datasets/aryashah2k/breast-ultrasound-images-dataset/Dataset_BUSI_with_GT/malignant/malignant (207).png,malignant (207).png,malignant,557,458,RGB,1,/kaggle/input/datasets/aryashah2k/breast-ultrasound-images-dataset/Dataset_BUSI_with_GT/malignant/malignant (207)_mask.png,f8182159d26cc05a17b788cf0c5ae210,b9b3e286c4c8e8f8,557,False,trainval,0
/kaggle/input/datasets/aryashah2k/breast-ultrasound-images-dataset/Dataset_BUSI_with_GT/malignant/malignant (208).png,malignant (208).png,malignant,617,664,RGB,1,/kaggle/input/datasets/aryashah2k/breast-ultrasound-images-dataset/Dataset_BUSI_with_GT/malignant/malignant (208)_mask.png,a6b93dd891ce0fd97432ed20dc8933f8,e1e084971e76636b,558,False,test,-1
/kaggle/input/datasets/aryashah2k/breast-ultrasound-images-dataset/Dataset_BUSI_with_GT/malignant/malignant (209).png,malignant (209).png,malignant,508,471,RGB,1,/kaggle/input/datasets/aryashah2k/breast-ultrasound-images-dataset/Dataset_BUSI_with_GT/malignant/malignant (209)_mask.png,5fb9be13ef3e6dc61272b41e12383402,b980465fafa33239,559,False,trainval,0
/kaggle/input/datasets/aryashah2k/breast-ultrasound-images-dataset/Dataset_BUSI_with_GT/malignant/malignant (21).png,malignant (21).png,malignant,601,367,RGB,1,/kaggle/input/datasets/aryashah2k/breast-ultrasound-images-dataset/Dataset_BUSI_with_GT/malignant/malignant (21)_mask.png,bad4483b6c208564f487cfbcba96d9e5,9d9e6f6ba2a46062,560,False,trainval,4
/kaggle/input/datasets/aryashah2k/breast-ultrasound-images-dataset/Dataset_BUSI_with_GT/malignant/malignant (210).png,malignant (210).png,malignant,775,587,RGB,1,/kaggle/input/datasets/aryashah2k/breast-ultrasound-images-dataset/Dataset_BUSI_with_GT/malignant/malignant (210)_mask.png,a87c7da0d10a96acdbc79fa841e316c1,f9961a6967da9c80,561,False,test,-1
/kaggle/input/datasets/aryashah2k/breast-ultrasound-images-dataset/Dataset_BUSI_with_GT/malignant/malignant (22).png,malignant (22).png,malignant,570,474,RGB,1,/kaggle/input/datasets/aryashah2k/breast-ultrasound-images-dataset/Dataset_BUSI_with_GT/malignant/malignant (22)_mask.png,1713cefa197e983bd09482687b2c913f,e7d498796b238d84,562,False,trainval,1
/kaggle/input/datasets/aryashah2k/breast-ultrasound-images-dataset/Dataset_BUSI_with_GT/malignant/malignant (23).png,malignant (23).png,malignant,569,468,RGB,1,/kaggle/input/datasets/aryashah2k/breast-ultrasound-images-dataset/Dataset_BUSI_with_GT/malignant/malignant (23)_mask.png,597e5d665367501f335eb1d7b0f1a4b8,f9c9c226371a9c8d,563,False,trainval,2
/kaggle/input/datasets/aryashah2k/breast-ultrasound-images-dataset/Dataset_BUSI_with_GT/malignant/malignant (24).png,malignant (24).png,malignant,564,462,RGB,1,/kaggle/input/datasets/aryashah2k/breast-ultrasound-images-dataset/Dataset_BUSI_with_GT/malignant/malignant (24)_mask.png,20a0d0949481792660a8f4a1ba5e0cdf,f4908b6f2c10b3bb,564,False,trainval,3
/kaggle/input/datasets/aryashah2k/breast-ultrasound-images-dataset/Dataset_BUSI_with_GT/malignant/malignant (25).png,malignant (25).png,malignant,563,470,RGB,1,/kaggle/input/datasets/aryashah2k/breast-ultrasound-images-dataset/Dataset_BUSI_with_GT/malignant/malignant (25)_mask.png,975ec24e9c9c2d648e4419f92217e620,f3928e4d3c38f0e1,565,False,trainval,0
/kaggle/input/datasets/aryashah2k/breast-ultrasound-images-dataset/Dataset_BUSI_with_GT/malignant/malignant (26).png,malignant (26).png,malignant,564,469,RGB,1,/kaggle/input/datasets/aryashah2k/breast-ultrasound-images-dataset/Dataset_BUSI_with_GT/malignant/malignant (26)_mask.png,4973c8c000c7fed4e4ec4a69b0964613,d1a22ebdddd81d10,566,False,trainval,4
/kaggle/input/datasets/aryashah2k/breast-ultrasound-images-dataset/Dataset_BUSI_with_GT/malignant/malignant (27).png,malignant (27).png,malignant,567,475,RGB,1,/kaggle/input/datasets/aryashah2k/breast-ultrasound-images-dataset/Dataset_BUSI_with_GT/malignant/malignant (27)_mask.png,4995b9cec8b82ae2ce7a1a3a16fd0da6,cdd86225156e6b8b,567,False,test,-1
/kaggle/input/datasets/aryashah2k/breast-ultrasound-images-dataset/Dataset_BUSI_with_GT/malignant/malignant (28).png,malignant (28).png,malignant,562,470,RGB,1,/kaggle/input/datasets/aryashah2k/breast-ultrasound-images-dataset/Dataset_BUSI_with_GT/malignant/malignant (28)_mask.png,61fda9d7130e70c968ba956d96f025b8,8dd26225656b6a9b,568,False,trainval,1
/kaggle/input/datasets/aryashah2k/breast-ultrasound-images-dataset/Dataset_BUSI_with_GT/malignant/malignant (29).png,malignant (29).png,malignant,567,470,RGB,1,/kaggle/input/datasets/aryashah2k/breast-ultrasound-images-dataset/Dataset_BUSI_with_GT/malignant/malignant (29)_mask.png,fedbdf34906ffcf2b4e706a56d351759,dac8c52133b7bc8c,569,False,trainval,4
/kaggle/input/datasets/aryashah2k/breast-ultrasound-images-dataset/Dataset_BUSI_with_GT/malignant/malignant (3).png,malignant (3).png,malignant,425,475,RGB,1,/kaggle/input/datasets/aryashah2k/breast-ultrasound-images-dataset/Dataset_BUSI_with_GT/malignant/malignant (3)_mask.png,d72f4e565f1bb8d208064ba2b2bd0513,95cb623539782667,570,False,trainval,2
/kaggle/input/datasets/aryashah2k/breast-ultrasound-images-dataset/Dataset_BUSI_with_GT/malignant/malignant (30).png,malignant (30).png,malignant,573,468,RGB,1,/kaggle/input/datasets/aryashah2k/breast-ultrasound-images-dataset/Dataset_BUSI_with_GT/malignant/malignant (30)_mask.png,f0a7637e563c3378b2a5cc9f3ff5ddad,f2c2cb09bcb8b9a1,571,False,trainval,3
/kaggle/input/datasets/aryashah2k/breast-ultrasound-images-dataset/Dataset_BUSI_with_GT/malignant/malignant (31).png,malignant (31).png,malignant,723,509,RGB,1,/kaggle/input/datasets/aryashah2k/breast-ultrasound-images-dataset/Dataset_BUSI_with_GT/malignant/malignant (31)_mask.png,eee70abdb1fdbd991084ecf5fd3db2f6,bd95c243452f6e70,572,False,test,-1
/kaggle/input/datasets/aryashah2k/breast-ultrasound-images-dataset/Dataset_BUSI_with_GT/malignant/malignant (32).png,malignant (32).png,malignant,557,492,RGB,1,/kaggle/input/datasets/aryashah2k/breast-ultrasound-images-dataset/Dataset_BUSI_with_GT/malignant/malignant (32)_mask.png,9782a0761e85e823d6b884b5663d4ac3,a2c0d8082f772fe7,573,False,trainval,0
/kaggle/input/datasets/aryashah2k/breast-ultrasound-images-dataset/Dataset_BUSI_with_GT/malignant/malignant (33).png,malignant (33).png,malignant,557,496,RGB,1,/kaggle/input/datasets/aryashah2k/breast-ultrasound-images-dataset/Dataset_BUSI_with_GT/malignant/malignant (33)_mask.png,8b25aee4e85ae25f6c8cf329066bea9b,b09e4c5956b4ad87,574,False,trainval,1
/kaggle/input/datasets/aryashah2k/breast-ultrasound-images-dataset/Dataset_BUSI_with_GT/malignant/malignant (34).png,malignant (34).png,malignant,620,589,RGB,1,/kaggle/input/datasets/aryashah2k/breast-ultrasound-images-dataset/Dataset_BUSI_with_GT/malignant/malignant (34)_mask.png,b69e0c66f86ee4f1b9eb3cd6074cb431,a7d30ddc3ca262b2,575,False,trainval,1
/kaggle/input/datasets/aryashah2k/breast-ultrasound-images-dataset/Dataset_BUSI_with_GT/malignant/malignant (35).png,malignant (35).png,malignant,592,387,RGB,1,/kaggle/input/datasets/aryashah2k/breast-ultrasound-images-dataset/Dataset_BUSI_with_GT/malignant/malignant (35)_mask.png,d22b6d97bea0f428f5cbb5d873e9527b,9d9ce3c3e561405b,576,False,test,-1
/kaggle/input/datasets/aryashah2k/breast-ultrasound-images-dataset/Dataset_BUSI_with_GT/malignant/malignant (36).png,malignant (36).png,malignant,623,494,RGB,1,/kaggle/input/datasets/aryashah2k/breast-ultrasound-images-dataset/Dataset_BUSI_with_GT/malignant/malignant (36)_mask.png,fb9ea7dbe81cdcb6f9d46d0004ec2e95,a1b0f8735313278f,577,False,trainval,2
/kaggle/input/datasets/aryashah2k/breast-ultrasound-images-dataset/Dataset_BUSI_with_GT/malignant/malignant (37).png,malignant (37).png,malignant,626,490,RGB,1,/kaggle/input/datasets/aryashah2k/breast-ultrasound-images-dataset/Dataset_BUSI_with_GT/malignant/malignant (37)_mask.png,acb434bd716edfe1e2640bd740291595,bcbc9e4b59130393,578,False,trainval,3
/kaggle/input/datasets/aryashah2k/breast-ultrasound-images-dataset/Dataset_BUSI_with_GT/malignant/malignant (38).png,malignant (38).png,malignant,1048,578,RGB,1,/kaggle/input/datasets/aryashah2k/breast-ultrasound-images-dataset/Dataset_BUSI_with_GT/malignant/malignant (38)_mask.png,a7a364f1d16efede55765814d67f3929,e19a5ca5b2309f8d,579,False,trainval,4
/kaggle/input/datasets/aryashah2k/breast-ultrasound-images-dataset/Dataset_BUSI_with_GT/malignant/malignant (39).png,malignant (39).png,malignant,564,469,RGB,1,/kaggle/input/datasets/aryashah2k/breast-ultrasound-images-dataset/Dataset_BUSI_with_GT/malignant/malignant (39)_mask.png,21bd41367291ebf60a465db2a9afdf5f,a7c4d0183b2be3a7,580,False,trainval,3
/kaggle/input/datasets/aryashah2k/breast-ultrasound-images-dataset/Dataset_BUSI_with_GT/malignant/malignant (4).png,malignant (4).png,malignant,432,473,RGB,1,/kaggle/input/datasets/aryashah2k/breast-ultrasound-images-dataset/Dataset_BUSI_with_GT/malignant/malignant (4)_mask.png,68ccd6c8730fd348a0be9b4f6971ed49,9c80633fb862666f,592,False,test,-1
/kaggle/input/datasets/aryashah2k/breast-ultrasound-images-dataset/Dataset_BUSI_with_GT/malignant/malignant (40).png,malignant (40).png,malignant,548,461,RGB,1,/kaggle/input/datasets/aryashah2k/breast-ultrasound-images-dataset/Dataset_BUSI_with_GT/malignant/malignant (40)_mask.png,6d46d45dd73a3394044a4440a06b94fa,a7f5d0482e2cb2b3,582,False,trainval,4
/kaggle/input/datasets/aryashah2k/breast-ultrasound-images-dataset/Dataset_BUSI_with_GT/malignant/malignant (41).png,malignant (41).png,malignant,580,476,RGB,1,/kaggle/input/datasets/aryashah2k/breast-ultrasound-images-dataset/Dataset_BUSI_with_GT/malignant/malignant (41)_mask.png,9e642d9ec1783d9838071578dc09fa44,ec87b231755ccc83,583,False,test,-1
/kaggle/input/datasets/aryashah2k/breast-ultrasound-images-dataset/Dataset_BUSI_with_GT/malignant/malignant (42).png,malignant (42).png,malignant,578,439,RGB,1,/kaggle/input/datasets/aryashah2k/breast-ultrasound-images-dataset/Dataset_BUSI_with_GT/malignant/malignant (42)_mask.png,f406bc323289d62eff1f76d678e5a4e9,a7c4d0183b294df7,584,False,test,-1
/kaggle/input/datasets/aryashah2k/breast-ultrasound-images-dataset/Dataset_BUSI_with_GT/malignant/malignant (43).png,malignant (43).png,malignant,543,571,RGB,1,/kaggle/input/datasets/aryashah2k/breast-ultrasound-images-dataset/Dataset_BUSI_with_GT/malignant/malignant (43)_mask.png,1e12dd7645cbc2f071bd7455e304e173,c2c2cf3d3ca2ca8e,585,False,trainval,0
/kaggle/input/datasets/aryashah2k/breast-ultrasound-images-dataset/Dataset_BUSI_with_GT/malignant/malignant (44).png,malignant (44).png,malignant,765,580,RGB,1,/kaggle/input/datasets/aryashah2k/breast-ultrasound-images-dataset/Dataset_BUSI_with_GT/malignant/malignant (44)_mask.png,0656e0ead7cf3c20bad93680d4797020,ade9da1a9694688d,586,False,trainval,0
/kaggle/input/datasets/aryashah2k/breast-ultrasound-images-dataset/Dataset_BUSI_with_GT/malignant/malignant (45).png,malignant (45).png,malignant,781,592,RGB,1,/kaggle/input/datasets/aryashah2k/breast-ultrasound-images-dataset/Dataset_BUSI_with_GT/malignant/malignant (45)_mask.png,299c4bb85806d76b7a156aa28b9be6ae,e9c6083999b4a7b3,587,False,test,-1
/kaggle/input/datasets/aryashah2k/breast-ultrasound-images-dataset/Dataset_BUSI_with_GT/malignant/malignant (46).png,malignant (46).png,malignant,785,571,RGB,1,/kaggle/input/datasets/aryashah2k/breast-ultrasound-images-dataset/Dataset_BUSI_with_GT/malignant/malignant (46)_mask.png,20e949fc87ae16d826cc9c7d24e90b1d,bcea4908c8c9e3e7,588,False,trainval,1
/kaggle/input/datasets/aryashah2k/breast-ultrasound-images-dataset/Dataset_BUSI_with_GT/malignant/malignant (47).png,malignant (47).png,malignant,562,471,RGB,1,/kaggle/input/datasets/aryashah2k/breast-ultrasound-images-dataset/Dataset_BUSI_with_GT/malignant/malignant (47)_mask.png,918c371e128ff76db7c37400b3486944,b4ccc881a3b6bada,589,False,trainval,2
/kaggle/input/datasets/aryashah2k/breast-ultrasound-images-dataset/Dataset_BUSI_with_GT/malignant/malignant (48).png,malignant (48).png,malignant,552,493,RGB,1,/kaggle/input/datasets/aryashah2k/breast-ultrasound-images-dataset/Dataset_BUSI_with_GT/malignant/malignant (48)_mask.png,af035a87ff8dee2e2b9262d70fbc57fc,d5e4c81a1b9b92ec,590,False,trainval,3
/kaggle/input/datasets/aryashah2k/breast-ultrasound-images-dataset/Dataset_BUSI_with_GT/malignant/malignant (49).png,malignant (49).png,malignant,622,491,RGB,1,/kaggle/input/datasets/aryashah2k/breast-ultrasound-images-dataset/Dataset_BUSI_with_GT/malignant/malignant (49)_mask.png,177fdb53ace909dbf3df529b13f79d62,a4a6cbd9d938c2c6,591,False,trainval,4
/kaggle/input/datasets/aryashah2k/breast-ultrasound-images-dataset/Dataset_BUSI_with_GT/malignant/malignant (5).png,malignant (5).png,malignant,431,476,RGB,1,/kaggle/input/datasets/aryashah2k/breast-ultrasound-images-dataset/Dataset_BUSI_with_GT/malignant/malignant (5)_mask.png,47c8c8fe69393b20591d83e3892aacd6,9d80633fb822666f,592,False,test,-1
/kaggle/input/datasets/aryashah2k/breast-ultrasound-images-dataset/Dataset_BUSI_with_GT/malignant/malignant (50).png,malignant (50).png,malignant,567,469,RGB,1,/kaggle/input/datasets/aryashah2k/breast-ultrasound-images-dataset/Dataset_BUSI_with_GT/malignant/malignant (50)_mask.png,cbf76557cec18cbdd7b505544f17aa58,eec084b438d3d3d3,593,False,trainval,1
/kaggle/input/datasets/aryashah2k/breast-ultrasound-images-dataset/Dataset_BUSI_with_GT/malignant/malignant (51).png,malignant (51).png,malignant,588,437,RGB,1,/kaggle/input/datasets/aryashah2k/breast-ultrasound-images-dataset/Dataset_BUSI_with_GT/malignant/malignant (51)_mask.png,f0285410348b0154919a2807b532185e,91bcfe4b66c66121,594,True,excluded,-1
/kaggle/input/datasets/aryashah2k/breast-ultrasound-images-dataset/Dataset_BUSI_with_GT/malignant/malignant (52).png,malignant (52).png,malignant,552,462,RGB,1,/kaggle/input/datasets/aryashah2k/breast-ultrasound-images-dataset/Dataset_BUSI_with_GT/malignant/malignant (52)_mask.png,fb301d282065665fef81e80f11f7c84e,97adf0f0c8c8b0b9,595,True,excluded,-1
/kaggle/input/datasets/aryashah2k/breast-ultrasound-images-dataset/Dataset_BUSI_with_GT/malignant/malignant (53).png,malignant (53).png,malignant,569,471,RGB,2,/kaggle/input/datasets/aryashah2k/breast-ultrasound-images-dataset/Dataset_BUSI_with_GT/malignant/malignant (53)_mask.png|/kaggle/input/datasets/aryashah2k/breast-ultrasound-images-dataset/Dataset_BUSI_with_GT/malignant/malignant (53)_mask_1.png,ee09e1343f3ab216d6322458fdfef12d,f99406c9d95989e6,596,False,trainval,0
/kaggle/input/datasets/aryashah2k/breast-ultrasound-images-dataset/Dataset_BUSI_with_GT/malignant/malignant (54).png,malignant (54).png,malignant,777,580,RGB,1,/kaggle/input/datasets/aryashah2k/breast-ultrasound-images-dataset/Dataset_BUSI_with_GT/malignant/malignant (54)_mask.png,b3aeecd398f661619692927ca6b3f70b,9bf97086c686a9b8,597,False,trainval,3
/kaggle/input/datasets/aryashah2k/breast-ultrasound-images-dataset/Dataset_BUSI_with_GT/malignant/malignant (55).png,malignant (55).png,malignant,786,556,RGB,1,/kaggle/input/datasets/aryashah2k/breast-ultrasound-images-dataset/Dataset_BUSI_with_GT/malignant/malignant (55)_mask.png,06592a83647f71bc05b04dcbe1000eb8,87ef30e0f8a1832f,598,False,trainval,4
/kaggle/input/datasets/aryashah2k/breast-ultrasound-images-dataset/Dataset_BUSI_with_GT/malignant/malignant (56).png,malignant (56).png,malignant,690,538,RGB,1,/kaggle/input/datasets/aryashah2k/breast-ultrasound-images-dataset/Dataset_BUSI_with_GT/malignant/malignant (56)_mask.png,a79e7df6593e4f8cb19df4300f8681c6,86c8c8b7b35e14b5,599,False,trainval,2
/kaggle/input/datasets/aryashah2k/breast-ultrasound-images-dataset/Dataset_BUSI_with_GT/malignant/malignant (57).png,malignant (57).png,malignant,717,533,RGB,1,/kaggle/input/datasets/aryashah2k/breast-ultrasound-images-dataset/Dataset_BUSI_with_GT/malignant/malignant (57)_mask.png,f0bf6cf12e3dcfc81ea8f1b587f1b20e,97cb483515156dec,600,False,trainval,1
/kaggle/input/datasets/aryashah2k/breast-ultrasound-images-dataset/Dataset_BUSI_with_GT/malignant/malignant (58).png,malignant (58).png,malignant,688,558,RGB,1,/kaggle/input/datasets/aryashah2k/breast-ultrasound-images-dataset/Dataset_BUSI_with_GT/malignant/malignant (58)_mask.png,0308189454d9ccfacce939d68fd33a3f,99e3ca941d9dc8d2,601,False,trainval,0
/kaggle/input/datasets/aryashah2k/breast-ultrasound-images-dataset/Dataset_BUSI_with_GT/malignant/malignant (59).png,malignant (59).png,malignant,682,561,RGB,1,/kaggle/input/datasets/aryashah2k/breast-ultrasound-images-dataset/Dataset_BUSI_with_GT/malignant/malignant (59)_mask.png,e1d790cfb22c6f2caa87afdd17363425,bfbd46063a39d04c,602,False,test,-1
/kaggle/input/datasets/aryashah2k/breast-ultrasound-images-dataset/Dataset_BUSI_with_GT/malignant/malignant (6).png,malignant (6).png,malignant,432,478,RGB,1,/kaggle/input/datasets/aryashah2k/breast-ultrasound-images-dataset/Dataset_BUSI_with_GT/malignant/malignant (6)_mask.png,4f5c05b7bde493f2d4b04f0b8225bdae,91806e3f7963266e,603,False,trainval,2
/kaggle/input/datasets/aryashah2k/breast-ultrasound-images-dataset/Dataset_BUSI_with_GT/malignant/malignant (60).png,malignant (60).png,malignant,681,559,RGB,1,/kaggle/input/datasets/aryashah2k/breast-ultrasound-images-dataset/Dataset_BUSI_with_GT/malignant/malignant (60)_mask.png,2cee5c9f20cee79670cc2b6147b4cf91,b7f248486d05e5e9,604,False,trainval,3
/kaggle/input/datasets/aryashah2k/breast-ultrasound-images-dataset/Dataset_BUSI_with_GT/malignant/malignant (61).png,malignant (61).png,malignant,566,462,RGB,1,/kaggle/input/datasets/aryashah2k/breast-ultrasound-images-dataset/Dataset_BUSI_with_GT/malignant/malignant (61)_mask.png,119cbacef40072b6355cbc9643a5a388,b68909fce4a079d3,605,False,trainval,4
/kaggle/input/datasets/aryashah2k/breast-ultrasound-images-dataset/Dataset_BUSI_with_GT/malignant/malignant (62).png,malignant (62).png,malignant,693,565,RGB,1,/kaggle/input/datasets/aryashah2k/breast-ultrasound-images-dataset/Dataset_BUSI_with_GT/malignant/malignant (62)_mask.png,14ff9da79848d2348f433b607f8f5b1a,b1a38f1c3c1a4bf1,606,False,trainval,2
/kaggle/input/datasets/aryashah2k/breast-ultrasound-images-dataset/Dataset_BUSI_with_GT/malignant/malignant (63).png,malignant (63).png,malignant,795,572,RGB,1,/kaggle/input/datasets/aryashah2k/breast-ultrasound-images-dataset/Dataset_BUSI_with_GT/malignant/malignant (63)_mask.png,fe609a8db09b201907aa7001ad2b4bb8,e3879c48e0eb2397,607,False,trainval,3
/kaggle/input/datasets/aryashah2k/breast-ultrasound-images-dataset/Dataset_BUSI_with_GT/malignant/malignant (64).png,malignant (64).png,malignant,772,479,RGB,1,/kaggle/input/datasets/aryashah2k/breast-ultrasound-images-dataset/Dataset_BUSI_with_GT/malignant/malignant (64)_mask.png,2c42487d1f32efff3c8036a34d00b9b4,d1948442facfb3b1,608,False,trainval,0
/kaggle/input/datasets/aryashah2k/breast-ultrasound-images-dataset/Dataset_BUSI_with_GT/malignant/malignant (65).png,malignant (65).png,malignant,922,584,RGB,1,/kaggle/input/datasets/aryashah2k/breast-ultrasound-images-dataset/Dataset_BUSI_with_GT/malignant/malignant (65)_mask.png,c0b070e3c10df6cc0276a9f5b30da342,c194c66e7a19c787,609,False,trainval,1
/kaggle/input/datasets/aryashah2k/breast-ultrasound-images-dataset/Dataset_BUSI_with_GT/malignant/malignant (66).png,malignant (66).png,malignant,655,584,RGB,1,/kaggle/input/datasets/aryashah2k/breast-ultrasound-images-dataset/Dataset_BUSI_with_GT/malignant/malignant (66)_mask.png,d3979ea75900db7d3f6b789cd10d132b,d89cc7677919c486,610,False,test,-1
/kaggle/input/datasets/aryashah2k/breast-ultrasound-images-dataset/Dataset_BUSI_with_GT/malignant/malignant (67).png,malignant (67).png,malignant,946,604,RGB,1,/kaggle/input/datasets/aryashah2k/breast-ultrasound-images-dataset/Dataset_BUSI_with_GT/malignant/malignant (67)_mask.png,756fb833bcfb3f837e1ad19ebebfb401,d181047e6e673ba5,611,False,trainval,2
/kaggle/input/datasets/aryashah2k/breast-ultrasound-images-dataset/Dataset_BUSI_with_GT/malignant/malignant (68).png,malignant (68).png,malignant,574,464,RGB,1,/kaggle/input/datasets/aryashah2k/breast-ultrasound-images-dataset/Dataset_BUSI_with_GT/malignant/malignant (68)_mask.png,c53d20b7c346c1f0efacb2bc6f2c8a63,a9c5d2d82c4bf4b4,612,False,trainval,4
/kaggle/input/datasets/aryashah2k/breast-ultrasound-images-dataset/Dataset_BUSI_with_GT/malignant/malignant (69).png,malignant (69).png,malignant,646,461,RGB,1,/kaggle/input/datasets/aryashah2k/breast-ultrasound-images-dataset/Dataset_BUSI_with_GT/malignant/malignant (69)_mask.png,a03ec7f7ee75be41e0aa2a505b766a5d,e0809918933fe7e7,613,False,trainval,4
/kaggle/input/datasets/aryashah2k/breast-ultrasound-images-dataset/Dataset_BUSI_with_GT/malignant/malignant (7).png,malignant (7).png,malignant,432,474,RGB,1,/kaggle/input/datasets/aryashah2k/breast-ultrasound-images-dataset/Dataset_BUSI_with_GT/malignant/malignant (7)_mask.png,e7d4faddaef61945b11d4bc8d4e79062,9980663bf965666a,614,False,test,-1
/kaggle/input/datasets/aryashah2k/breast-ultrasound-images-dataset/Dataset_BUSI_with_GT/malignant/malignant (70).png,malignant (70).png,malignant,668,463,RGB,1,/kaggle/input/datasets/aryashah2k/breast-ultrasound-images-dataset/Dataset_BUSI_with_GT/malignant/malignant (70)_mask.png,9f4ac638e8046bd99595b7efbdceaa8a,e0808e4d9d3fb1b3,615,False,trainval,0
/kaggle/input/datasets/aryashah2k/breast-ultrasound-images-dataset/Dataset_BUSI_with_GT/malignant/malignant (71).png,malignant (71).png,malignant,528,592,RGB,1,/kaggle/input/datasets/aryashah2k/breast-ultrasound-images-dataset/Dataset_BUSI_with_GT/malignant/malignant (71)_mask.png,61fec3e04ed4e912c5339ab4c8455241,a4f4ca8bb93d7430,616,False,trainval,0
/kaggle/input/datasets/aryashah2k/breast-ultrasound-images-dataset/Dataset_BUSI_with_GT/malignant/malignant (72).png,malignant (72).png,malignant,528,598,RGB,1,/kaggle/input/datasets/aryashah2k/breast-ultrasound-images-dataset/Dataset_BUSI_with_GT/malignant/malignant (72)_mask.png,d51507e0dd0d774a5ce8f0deda3b80c4,eba7959991786262,617,False,trainval,1
/kaggle/input/datasets/aryashah2k/breast-ultrasound-images-dataset/Dataset_BUSI_with_GT/malignant/malignant (73).png,malignant (73).png,malignant,549,474,RGB,1,/kaggle/input/datasets/aryashah2k/breast-ultrasound-images-dataset/Dataset_BUSI_with_GT/malignant/malignant (73)_mask.png,0a7e41e3f5397a91a17aeb688d14262d,99df62c0c6b3c18d,618,False,trainval,4
/kaggle/input/datasets/aryashah2k/breast-ultrasound-images-dataset/Dataset_BUSI_with_GT/malignant/malignant (74).png,malignant (74).png,malignant,558,464,RGB,1,/kaggle/input/datasets/aryashah2k/breast-ultrasound-images-dataset/Dataset_BUSI_with_GT/malignant/malignant (74)_mask.png,0f87948767b2b1598d7e84ef57bd684b,b5ca70e08793c3d3,619,False,trainval,2
/kaggle/input/datasets/aryashah2k/breast-ultrasound-images-dataset/Dataset_BUSI_with_GT/malignant/malignant (75).png,malignant (75).png,malignant,441,412,RGB,1,/kaggle/input/datasets/aryashah2k/breast-ultrasound-images-dataset/Dataset_BUSI_with_GT/malignant/malignant (75)_mask.png,e26325e08261ed9f732fd9f4ce2bac4a,a184d44e5e969abb,620,False,trainval,3
/kaggle/input/datasets/aryashah2k/breast-ultrasound-images-dataset/Dataset_BUSI_with_GT/malignant/malignant (76).png,malignant (76).png,malignant,769,494,RGB,1,/kaggle/input/datasets/aryashah2k/breast-ultrasound-images-dataset/Dataset_BUSI_with_GT/malignant/malignant (76)_mask.png,eecdf15959a1bcf5296b1cb632c1134a,d0c4c0c78f8dd9d9,621,False,trainval,1
/kaggle/input/datasets/aryashah2k/breast-ultrasound-images-dataset/Dataset_BUSI_with_GT/malignant/malignant (77).png,malignant (77).png,malignant,801,587,RGB,1,/kaggle/input/datasets/aryashah2k/breast-ultrasound-images-dataset/Dataset_BUSI_with_GT/malignant/malignant (77)_mask.png,c8048f6eb8d18907f289f7b59c92b7e7,c8e0a29f8f98e6e8,622,True,excluded,-1
/kaggle/input/datasets/aryashah2k/breast-ultrasound-images-dataset/Dataset_BUSI_with_GT/malignant/malignant (78).png,malignant (78).png,malignant,880,567,RGB,1,/kaggle/input/datasets/aryashah2k/breast-ultrasound-images-dataset/Dataset_BUSI_with_GT/malignant/malignant (78)_mask.png,204864f356462e2b4687db28821178d5,8980a6bf98d9e4e9,623,False,trainval,2
/kaggle/input/datasets/aryashah2k/breast-ultrasound-images-dataset/Dataset_BUSI_with_GT/malignant/malignant (79).png,malignant (79).png,malignant,564,468,RGB,1,/kaggle/input/datasets/aryashah2k/breast-ultrasound-images-dataset/Dataset_BUSI_with_GT/malignant/malignant (79)_mask.png,3444f058e359a2ece68180e6f31077ab,bdd0c34b0eb4b478,624,False,test,-1
/kaggle/input/datasets/aryashah2k/breast-ultrasound-images-dataset/Dataset_BUSI_with_GT/malignant/malignant (8).png,malignant (8).png,malignant,426,473,RGB,1,/kaggle/input/datasets/aryashah2k/breast-ultrasound-images-dataset/Dataset_BUSI_with_GT/malignant/malignant (8)_mask.png,b7c12e5838bf315d4fcca61469279d20,9984663b7961276e,636,False,trainval,0
/kaggle/input/datasets/aryashah2k/breast-ultrasound-images-dataset/Dataset_BUSI_with_GT/malignant/malignant (80).png,malignant (80).png,malignant,643,443,RGB,1,/kaggle/input/datasets/aryashah2k/breast-ultrasound-images-dataset/Dataset_BUSI_with_GT/malignant/malignant (80)_mask.png,367b20990755fbe0195e553032876b9f,81c060213d7f7f5d,626,False,trainval,3
/kaggle/input/datasets/aryashah2k/breast-ultrasound-images-dataset/Dataset_BUSI_with_GT/malignant/malignant (81).png,malignant (81).png,malignant,764,452,RGB,1,/kaggle/input/datasets/aryashah2k/breast-ultrasound-images-dataset/Dataset_BUSI_with_GT/malignant/malignant (81)_mask.png,7044333c1644ddfd11afb5056edf0532,94c460149e7bddce,627,False,trainval,4
/kaggle/input/datasets/aryashah2k/breast-ultrasound-images-dataset/Dataset_BUSI_with_GT/malignant/malignant (82).png,malignant (82).png,malignant,569,459,RGB,1,/kaggle/input/datasets/aryashah2k/breast-ultrasound-images-dataset/Dataset_BUSI_with_GT/malignant/malignant (82)_mask.png,1416c3994d0874cfb2e4165bc68ed89f,a3c3d54c7c38998b,628,False,trainval,4
/kaggle/input/datasets/aryashah2k/breast-ultrasound-images-dataset/Dataset_BUSI_with_GT/malignant/malignant (83).png,malignant (83).png,malignant,654,616,RGB,1,/kaggle/input/datasets/aryashah2k/breast-ultrasound-images-dataset/Dataset_BUSI_with_GT/malignant/malignant (83)_mask.png,8b1084d139f3699b7d0b56ce8dd718f1,a7dc98236754b8d1,629,False,trainval,1
/kaggle/input/datasets/aryashah2k/breast-ultrasound-images-dataset/Dataset_BUSI_with_GT/malignant/malignant (84).png,malignant (84).png,malignant,649,612,RGB,1,/kaggle/input/datasets/aryashah2k/breast-ultrasound-images-dataset/Dataset_BUSI_with_GT/malignant/malignant (84)_mask.png,64ad64463252f64c1e4a437ae446cb27,e59d13636c4cb9c1,630,False,trainval,0
/kaggle/input/datasets/aryashah2k/breast-ultrasound-images-dataset/Dataset_BUSI_with_GT/malignant/malignant (85).png,malignant (85).png,malignant,733,485,RGB,1,/kaggle/input/datasets/aryashah2k/breast-ultrasound-images-dataset/Dataset_BUSI_with_GT/malignant/malignant (85)_mask.png,c2da78cd3f6c73ea4dba42747eae5134,ac869b7161ae86bc,631,False,trainval,2
/kaggle/input/datasets/aryashah2k/breast-ultrasound-images-dataset/Dataset_BUSI_with_GT/malignant/malignant (86).png,malignant (86).png,malignant,735,483,RGB,1,/kaggle/input/datasets/aryashah2k/breast-ultrasound-images-dataset/Dataset_BUSI_with_GT/malignant/malignant (86)_mask.png,04af03aaf063ac24283b57ad96840a7d,a4c69b7865e68696,632,False,trainval,1
/kaggle/input/datasets/aryashah2k/breast-ultrasound-images-dataset/Dataset_BUSI_with_GT/malignant/malignant (87).png,malignant (87).png,malignant,561,499,RGB,1,/kaggle/input/datasets/aryashah2k/breast-ultrasound-images-dataset/Dataset_BUSI_with_GT/malignant/malignant (87)_mask.png,958c1784aea16cefa87e371881ef6ae6,cdc96b369591e868,633,False,trainval,3
/kaggle/input/datasets/aryashah2k/breast-ultrasound-images-dataset/Dataset_BUSI_with_GT/malignant/malignant (88).png,malignant (88).png,malignant,775,591,RGB,1,/kaggle/input/datasets/aryashah2k/breast-ultrasound-images-dataset/Dataset_BUSI_with_GT/malignant/malignant (88)_mask.png,04dbad7d85378c96fea625f6f588f3a4,b9a2ee9d886a7225,634,False,test,-1
/kaggle/input/datasets/aryashah2k/breast-ultrasound-images-dataset/Dataset_BUSI_with_GT/malignant/malignant (89).png,malignant (89).png,malignant,786,585,RGB,1,/kaggle/input/datasets/aryashah2k/breast-ultrasound-images-dataset/Dataset_BUSI_with_GT/malignant/malignant (89)_mask.png,c02dac095cfb251bae2d3c9fc3f7e1ba,f981814e9f1763e8,635,False,trainval,4
/kaggle/input/datasets/aryashah2k/breast-ultrasound-images-dataset/Dataset_BUSI_with_GT/malignant/malignant (9).png,malignant (9).png,malignant,430,480,RGB,1,/kaggle/input/datasets/aryashah2k/breast-ultrasound-images-dataset/Dataset_BUSI_with_GT/malignant/malignant (9)_mask.png,20238c12389cf44196740f06e0578096,9984663b7961276e,636,False,trainval,0
/kaggle/input/datasets/aryashah2k/breast-ultrasound-images-dataset/Dataset_BUSI_with_GT/malignant/malignant (90).png,malignant (90).png,malignant,783,587,RGB,1,/kaggle/input/datasets/aryashah2k/breast-ultrasound-images-dataset/Dataset_BUSI_with_GT/malignant/malignant (90)_mask.png,005a0957ad413295edc770eb7a04def1,b6c909e66672928f,637,False,test,-1
/kaggle/input/datasets/aryashah2k/breast-ultrasound-images-dataset/Dataset_BUSI_with_GT/malignant/malignant (91).png,malignant (91).png,malignant,550,494,RGB,1,/kaggle/input/datasets/aryashah2k/breast-ultrasound-images-dataset/Dataset_BUSI_with_GT/malignant/malignant (91)_mask.png,44fd6e1d1598271d43baf45c1fe3f5c3,e5959b8e80f29ac3,638,False,trainval,1
/kaggle/input/datasets/aryashah2k/breast-ultrasound-images-dataset/Dataset_BUSI_with_GT/malignant/malignant (92).png,malignant (92).png,malignant,617,581,RGB,1,/kaggle/input/datasets/aryashah2k/breast-ultrasound-images-dataset/Dataset_BUSI_with_GT/malignant/malignant (92)_mask.png,9a0481eed3dad01c2c698df44814f2e5,a6d20ddd39a662b2,639,False,trainval,2
/kaggle/input/datasets/aryashah2k/breast-ultrasound-images-dataset/Dataset_BUSI_with_GT/malignant/malignant (93).png,malignant (93).png,malignant,554,470,RGB,1,/kaggle/input/datasets/aryashah2k/breast-ultrasound-images-dataset/Dataset_BUSI_with_GT/malignant/malignant (93)_mask.png,723a2711cd1940e04801470e45f2cea4,96e1b196da6c6991,640,True,excluded,-1
/kaggle/input/datasets/aryashah2k/breast-ultrasound-images-dataset/Dataset_BUSI_with_GT/malignant/malignant (94).png,malignant (94).png,malignant,564,452,RGB,1,/kaggle/input/datasets/aryashah2k/breast-ultrasound-images-dataset/Dataset_BUSI_with_GT/malignant/malignant (94)_mask.png,949a09d93c91667605e7b87a74e462b3,dce1179ec84969d8,641,True,excluded,-1
/kaggle/input/datasets/aryashah2k/breast-ultrasound-images-dataset/Dataset_BUSI_with_GT/malignant/malignant (95).png,malignant (95).png,malignant,781,486,RGB,1,/kaggle/input/datasets/aryashah2k/breast-ultrasound-images-dataset/Dataset_BUSI_with_GT/malignant/malignant (95)_mask.png,051595bbed0f71f7f9ef4dd2b6f9b0dd,f58458f087fa53c4,642,False,trainval,3
/kaggle/input/datasets/aryashah2k/breast-ultrasound-images-dataset/Dataset_BUSI_with_GT/malignant/malignant (96).png,malignant (96).png,malignant,560,483,RGB,1,/kaggle/input/datasets/aryashah2k/breast-ultrasound-images-dataset/Dataset_BUSI_with_GT/malignant/malignant (96)_mask.png,61e4b1f18fce50cc52ef73b2d587ae68,e3835c7c81bbd0c5,644,False,test,-1
/kaggle/input/datasets/aryashah2k/breast-ultrasound-images-dataset/Dataset_BUSI_with_GT/malignant/malignant (97).png,malignant (97).png,malignant,583,486,RGB,1,/kaggle/input/datasets/aryashah2k/breast-ultrasound-images-dataset/Dataset_BUSI_with_GT/malignant/malignant (97)_mask.png,ba9753b1708a90ff0c2089c2adb59d50,e1835c7c81bfd0c5,644,False,test,-1
/kaggle/input/datasets/aryashah2k/breast-ultrasound-images-dataset/Dataset_BUSI_with_GT/malignant/malignant (98).png,malignant (98).png,malignant,770,486,RGB,1,/kaggle/input/datasets/aryashah2k/breast-ultrasound-images-dataset/Dataset_BUSI_with_GT/malignant/malignant (98)_mask.png,30c6da45178d30518f6006846fbced96,d0c425665a7af8ce,645,False,trainval,0
/kaggle/input/datasets/aryashah2k/breast-ultrasound-images-dataset/Dataset_BUSI_with_GT/malignant/malignant (99).png,malignant (99).png,malignant,550,486,RGB,1,/kaggle/input/datasets/aryashah2k/breast-ultrasound-images-dataset/Dataset_BUSI_with_GT/malignant/malignant (99)_mask.png,041f2516382bfc581e97bca48c38ee12,94e82b67561cdccc,646,False,trainval,4
/kaggle/input/datasets/aryashah2k/breast-ultrasound-images-dataset/Dataset_BUSI_with_GT/normal/normal (1).png,normal (1).png,normal,568,470,RGB,1,/kaggle/input/datasets/aryashah2k/breast-ultrasound-images-dataset/Dataset_BUSI_with_GT/normal/normal (1)_mask.png,42c301dd249b667712d5aa0cf7335ce8,84a07dd4f4d993a3,647,True,excluded,-1
/kaggle/input/datasets/aryashah2k/breast-ultrasound-images-dataset/Dataset_BUSI_with_GT/normal/normal (10).png,normal (10).png,normal,501,485,RGB,1,/kaggle/input/datasets/aryashah2k/breast-ultrasound-images-dataset/Dataset_BUSI_with_GT/normal/normal (10)_mask.png,f33b029b2f690dc039b0c92ae710679c,f8b0810436befaf8,648,False,trainval,3
/kaggle/input/datasets/aryashah2k/breast-ultrasound-images-dataset/Dataset_BUSI_with_GT/normal/normal (100).png,normal (100).png,normal,690,574,RGB,1,/kaggle/input/datasets/aryashah2k/breast-ultrasound-images-dataset/Dataset_BUSI_with_GT/normal/normal (100)_mask.png,f9195e2edd702f898947770e0f882660,dea0b3474f1e018f,649,False,trainval,2
/kaggle/input/datasets/aryashah2k/breast-ultrasound-images-dataset/Dataset_BUSI_with_GT/normal/normal (101).png,normal (101).png,normal,678,572,RGB,1,/kaggle/input/datasets/aryashah2k/breast-ultrasound-images-dataset/Dataset_BUSI_with_GT/normal/normal (101)_mask.png,4753c48a9d076d2e4290d3f4b4c59685,83c56f4a1711c6fa,650,False,trainval,1
/kaggle/input/datasets/aryashah2k/breast-ultrasound-images-dataset/Dataset_BUSI_with_GT/normal/normal (102).png,normal (102).png,normal,770,576,RGB,1,/kaggle/input/datasets/aryashah2k/breast-ultrasound-images-dataset/Dataset_BUSI_with_GT/normal/normal (102)_mask.png,0159518c200bf2f4e2e7252153ff7ad5,c5f42a29a2ae2737,651,False,test,-1
/kaggle/input/datasets/aryashah2k/breast-ultrasound-images-dataset/Dataset_BUSI_with_GT/normal/normal (103).png,normal (103).png,normal,772,574,RGB,1,/kaggle/input/datasets/aryashah2k/breast-ultrasound-images-dataset/Dataset_BUSI_with_GT/normal/normal (103)_mask.png,2a2f5044793dc1103019752627a9980b,80b37e88617c9d9b,652,False,trainval,3
/kaggle/input/datasets/aryashah2k/breast-ultrasound-images-dataset/Dataset_BUSI_with_GT/normal/normal (104).png,normal (104).png,normal,550,471,RGB,1,/kaggle/input/datasets/aryashah2k/breast-ultrasound-images-dataset/Dataset_BUSI_with_GT/normal/normal (104)_mask.png,7ff3d0c604724c0a42155b4d6f7aac4b,d3982aa5334bce95,656,False,trainval,4
/kaggle/input/datasets/aryashah2k/breast-ultrasound-images-dataset/Dataset_BUSI_with_GT/normal/normal (105).png,normal (105).png,normal,562,463,RGB,1,/kaggle/input/datasets/aryashah2k/breast-ultrasound-images-dataset/Dataset_BUSI_with_GT/normal/normal (105)_mask.png,dda88b01858427b67d5a8f477de03e7b,b7d1d82a8b9189ad,654,False,trainval,0
/kaggle/input/datasets/aryashah2k/breast-ultrasound-images-dataset/Dataset_BUSI_with_GT/normal/normal (106).png,normal (106).png,normal,558,468,RGB,1,/kaggle/input/datasets/aryashah2k/breast-ultrasound-images-dataset/Dataset_BUSI_with_GT/normal/normal (106)_mask.png,3f6be5ad2d51653df05d3cefadc96567,84997aeb977039b0,655,False,trainval,1
/kaggle/input/datasets/aryashah2k/breast-ultrasound-images-dataset/Dataset_BUSI_with_GT/normal/normal (107).png,normal (107).png,normal,560,468,RGB,1,/kaggle/input/datasets/aryashah2k/breast-ultrasound-images-dataset/Dataset_BUSI_with_GT/normal/normal (107)_mask.png,ca8c1be5d7c2c18dfd753494df78f475,d3982aa5334bce95,656,False,trainval,4
/kaggle/input/datasets/aryashah2k/breast-ultrasound-images-dataset/Dataset_BUSI_with_GT/normal/normal (108).png,normal (108).png,normal,770,589,RGB,1,/kaggle/input/datasets/aryashah2k/breast-ultrasound-images-dataset/Dataset_BUSI_with_GT/normal/normal (108)_mask.png,5bc50482ff426a1de85917c0708c7459,b5c82a5bbce46662,657,False,trainval,0
/kaggle/input/datasets/aryashah2k/breast-ultrasound-images-dataset/Dataset_BUSI_with_GT/normal/normal (109).png,normal (109).png,normal,557,475,RGB,1,/kaggle/input/datasets/aryashah2k/breast-ultrasound-images-dataset/Dataset_BUSI_with_GT/normal/normal (109)_mask.png,c2a280f1c241cb04afa5cee4554f3bb7,bdb9e96260cac6a1,658,False,trainval,2
/kaggle/input/datasets/aryashah2k/breast-ultrasound-images-dataset/Dataset_BUSI_with_GT/normal/normal (11).png,normal (11).png,normal,752,576,RGB,1,/kaggle/input/datasets/aryashah2k/breast-ultrasound-images-dataset/Dataset_BUSI_with_GT/normal/normal (11)_mask.png,7000c4de7893c6e20996ea9e431763fd,b3fc6c00919fe2d1,659,False,trainval,3
/kaggle/input/datasets/aryashah2k/breast-ultrasound-images-dataset/Dataset_BUSI_with_GT/normal/normal (110).png,normal (110).png,normal,552,468,RGB,1,/kaggle/input/datasets/aryashah2k/breast-ultrasound-images-dataset/Dataset_BUSI_with_GT/normal/normal (110)_mask.png,dc49bfd0c0447e077b6ecb4f0dbe02b4,c0811fe9fb9e86b0,660,False,test,-1
/kaggle/input/datasets/aryashah2k/breast-ultrasound-images-dataset/Dataset_BUSI_with_GT/normal/normal (111).png,normal (111).png,normal,913,663,RGB,1,/kaggle/input/datasets/aryashah2k/breast-ultrasound-images-dataset/Dataset_BUSI_with_GT/normal/normal (111)_mask.png,8c4a5ef60374b0a2d5b40062cf8df1f5,c53a76e789f0a48a,661,False,trainval,2
/kaggle/input/datasets/aryashah2k/breast-ultrasound-images-dataset/Dataset_BUSI_with_GT/normal/normal (112).png,normal (112).png,normal,929,655,RGB,1,/kaggle/input/datasets/aryashah2k/breast-ultrasound-images-dataset/Dataset_BUSI_with_GT/normal/normal (112)_mask.png,df4f5ba0c42231e91a6010237c1f15dd,e3b81805d5cf9ae2,662,False,trainval,4
/kaggle/input/datasets/aryashah2k/breast-ultrasound-images-dataset/Dataset_BUSI_with_GT/normal/normal (113).png,normal (113).png,normal,948,704,RGB,1,/kaggle/input/datasets/aryashah2k/breast-ultrasound-images-dataset/Dataset_BUSI_with_GT/normal/normal (113)_mask.png,11eb6efc398ffd97c86a71ee466001fa,9eebf45270ac8994,663,False,trainval,1
/kaggle/input/datasets/aryashah2k/breast-ultrasound-images-dataset/Dataset_BUSI_with_GT/normal/normal (114).png,normal (114).png,normal,916,700,RGB,1,/kaggle/input/datasets/aryashah2k/breast-ultrasound-images-dataset/Dataset_BUSI_with_GT/normal/normal (114)_mask.png,5296b49fb3b29472b449bcba779ced7c,e4983b43b4e89dac,664,False,trainval,0
/kaggle/input/datasets/aryashah2k/breast-ultrasound-images-dataset/Dataset_BUSI_with_GT/normal/normal (115).png,normal (115).png,normal,556,494,RGB,1,/kaggle/input/datasets/aryashah2k/breast-ultrasound-images-dataset/Dataset_BUSI_with_GT/normal/normal (115)_mask.png,bb55b96ab4531391e1b44b16f15b61b6,a2dadded90943456,665,False,trainval,3
/kaggle/input/datasets/aryashah2k/breast-ultrasound-images-dataset/Dataset_BUSI_with_GT/normal/normal (116).png,normal (116).png,normal,785,585,RGB,1,/kaggle/input/datasets/aryashah2k/breast-ultrasound-images-dataset/Dataset_BUSI_with_GT/normal/normal (116)_mask.png,0a45d3449009e991529cbe9f3dfcfeb8,c0ea11a57fd0e2bc,666,False,trainval,2
/kaggle/input/datasets/aryashah2k/breast-ultrasound-images-dataset/Dataset_BUSI_with_GT/normal/normal (117).png,normal (117).png,normal,770,574,RGB,1,/kaggle/input/datasets/aryashah2k/breast-ultrasound-images-dataset/Dataset_BUSI_with_GT/normal/normal (117)_mask.png,67015a273f57dcb5b943d49d05f44b40,acef579862901bf0,667,False,trainval,4
/kaggle/input/datasets/aryashah2k/breast-ultrasound-images-dataset/Dataset_BUSI_with_GT/normal/normal (118).png,normal (118).png,normal,928,695,RGB,1,/kaggle/input/datasets/aryashah2k/breast-ultrasound-images-dataset/Dataset_BUSI_with_GT/normal/normal (118)_mask.png,45439746297ec3b1e6d26fe99f1566f0,986a6dc0a2a6dea7,668,False,test,-1
/kaggle/input/datasets/aryashah2k/breast-ultrasound-images-dataset/Dataset_BUSI_with_GT/normal/normal (119).png,normal (119).png,normal,552,486,RGB,1,/kaggle/input/datasets/aryashah2k/breast-ultrasound-images-dataset/Dataset_BUSI_with_GT/normal/normal (119)_mask.png,f271a0b566252fcaaf516ce4a8a5e61b,c0d8aec2bf2bc1d1,704,False,trainval,4
/kaggle/input/datasets/aryashah2k/breast-ultrasound-images-dataset/Dataset_BUSI_with_GT/normal/normal (12).png,normal (12).png,normal,779,583,RGB,1,/kaggle/input/datasets/aryashah2k/breast-ultrasound-images-dataset/Dataset_BUSI_with_GT/normal/normal (12)_mask.png,dced59653010b2ffbba0ce05172e2224,bc9e676058bcc6c1,670,False,trainval,0
/kaggle/input/datasets/aryashah2k/breast-ultrasound-images-dataset/Dataset_BUSI_with_GT/normal/normal (120).png,normal (120).png,normal,772,578,RGB,1,/kaggle/input/datasets/aryashah2k/breast-ultrasound-images-dataset/Dataset_BUSI_with_GT/normal/normal (120)_mask.png,60a2bb77e563bbec904a098dfc1bf0bf,bdd9e66e4a903581,671,False,trainval,2
/kaggle/input/datasets/aryashah2k/breast-ultrasound-images-dataset/Dataset_BUSI_with_GT/normal/normal (121).png,normal (121).png,normal,550,465,RGB,1,/kaggle/input/datasets/aryashah2k/breast-ultrasound-images-dataset/Dataset_BUSI_with_GT/normal/normal (121)_mask.png,9d8fce24ce545d731c23ec1e133bb39c,c1b4fa2a2e296b99,705,False,trainval,1
/kaggle/input/datasets/aryashah2k/breast-ultrasound-images-dataset/Dataset_BUSI_with_GT/normal/normal (122).png,normal (122).png,normal,766,578,RGB,1,/kaggle/input/datasets/aryashah2k/breast-ultrasound-images-dataset/Dataset_BUSI_with_GT/normal/normal (122)_mask.png,cd266f30764a2922433e3f822485441e,c4be6b7890e08b9b,698,False,trainval,1
/kaggle/input/datasets/aryashah2k/breast-ultrasound-images-dataset/Dataset_BUSI_with_GT/normal/normal (123).png,normal (123).png,normal,685,558,RGB,1,/kaggle/input/datasets/aryashah2k/breast-ultrasound-images-dataset/Dataset_BUSI_with_GT/normal/normal (123)_mask.png,c0f565d1202c84da26a2955f98388509,d1d22e0ccae5d1d9,702,False,trainval,3
/kaggle/input/datasets/aryashah2k/breast-ultrasound-images-dataset/Dataset_BUSI_with_GT/normal/normal (124).png,normal (124).png,normal,811,712,RGB,1,/kaggle/input/datasets/aryashah2k/breast-ultrasound-images-dataset/Dataset_BUSI_with_GT/normal/normal (124)_mask.png,a9e9ef86eeb8a10836215de503d3e75f,a9ac5e171e4a589d,700,False,trainval,0
/kaggle/input/datasets/aryashah2k/breast-ultrasound-images-dataset/Dataset_BUSI_with_GT/normal/normal (125).png,normal (125).png,normal,558,471,RGB,1,/kaggle/input/datasets/aryashah2k/breast-ultrasound-images-dataset/Dataset_BUSI_with_GT/normal/normal (125)_mask.png,c94382ea9895711a77dbb853526e5459,97e56a9bec908386,695,False,trainval,4
/kaggle/input/datasets/aryashah2k/breast-ultrasound-images-dataset/Dataset_BUSI_with_GT/normal/normal (126).png,normal (126).png,normal,765,601,RGB,1,/kaggle/input/datasets/aryashah2k/breast-ultrasound-images-dataset/Dataset_BUSI_with_GT/normal/normal (126)_mask.png,de743ad093f30038927d0f5a2a52427b,eea8991496c353f2,701,False,trainval,1
/kaggle/input/datasets/aryashah2k/breast-ultrasound-images-dataset/Dataset_BUSI_with_GT/normal/normal (127).png,normal (127).png,normal,555,467,RGB,1,/kaggle/input/datasets/aryashah2k/breast-ultrasound-images-dataset/Dataset_BUSI_with_GT/normal/normal (127)_mask.png,3934ab19bfc27f77c0eed10fa829ccc9,c1b56eb3ad834dc0,706,False,test,-1
/kaggle/input/datasets/aryashah2k/breast-ultrasound-images-dataset/Dataset_BUSI_with_GT/normal/normal (128).png,normal (128).png,normal,622,596,RGB,1,/kaggle/input/datasets/aryashah2k/breast-ultrasound-images-dataset/Dataset_BUSI_with_GT/normal/normal (128)_mask.png,aff09e6cb6940d589ffddd5288e8b95f,f193aeed6b1c0464,697,False,trainval,0
/kaggle/input/datasets/aryashah2k/breast-ultrasound-images-dataset/Dataset_BUSI_with_GT/normal/normal (129).png,normal (129).png,normal,617,684,RGB,1,/kaggle/input/datasets/aryashah2k/breast-ultrasound-images-dataset/Dataset_BUSI_with_GT/normal/normal (129)_mask.png,3580b1706d91774598dc0f79aad7df70,e48cdaf22e1911f6,709,False,trainval,0
/kaggle/input/datasets/aryashah2k/breast-ultrasound-images-dataset/Dataset_BUSI_with_GT/normal/normal (13).png,normal (13).png,normal,779,574,RGB,1,/kaggle/input/datasets/aryashah2k/breast-ultrasound-images-dataset/Dataset_BUSI_with_GT/normal/normal (13)_mask.png,0e2bc941cc2406a48a30687150de3e35,8eb059cb71ea90e5,725,False,trainval,2
/kaggle/input/datasets/aryashah2k/breast-ultrasound-images-dataset/Dataset_BUSI_with_GT/normal/normal (130).png,normal (130).png,normal,739,477,RGB,1,/kaggle/input/datasets/aryashah2k/breast-ultrasound-images-dataset/Dataset_BUSI_with_GT/normal/normal (130)_mask.png,890c78d996d8e976abc62e0edd560423,96b5ed6b0b1a449c,699,False,test,-1
/kaggle/input/datasets/aryashah2k/breast-ultrasound-images-dataset/Dataset_BUSI_with_GT/normal/normal (131).png,normal (131).png,normal,669,574,RGB,1,/kaggle/input/datasets/aryashah2k/breast-ultrasound-images-dataset/Dataset_BUSI_with_GT/normal/normal (131)_mask.png,7d2c833976b1e74f99a0fea219fd2ff5,96f049090bc6977f,691,False,trainval,2
/kaggle/input/datasets/aryashah2k/breast-ultrasound-images-dataset/Dataset_BUSI_with_GT/normal/normal (132).png,normal (132).png,normal,857,700,RGB,1,/kaggle/input/datasets/aryashah2k/breast-ultrasound-images-dataset/Dataset_BUSI_with_GT/normal/normal (132)_mask.png,eadc18a1071214771d63e9b428960da3,e3ba006572afb18d,684,False,trainval,1
/kaggle/input/datasets/aryashah2k/breast-ultrasound-images-dataset/Dataset_BUSI_with_GT/normal/normal (133).png,normal (133).png,normal,560,471,RGB,1,/kaggle/input/datasets/aryashah2k/breast-ultrasound-images-dataset/Dataset_BUSI_with_GT/normal/normal (133)_mask.png,1bfb05bd3d81172a5e31f4d55e4231f4,979f6b63c181c1c5,685,False,trainval,3
/kaggle/input/datasets/aryashah2k/breast-ultrasound-images-dataset/Dataset_BUSI_with_GT/normal/normal (14).png,normal (14).png,normal,765,581,RGB,1,/kaggle/input/datasets/aryashah2k/breast-ultrasound-images-dataset/Dataset_BUSI_with_GT/normal/normal (14)_mask.png,c24e296d413ea2ddd187c5de205a5d15,edc33c0eee1209e6,686,False,trainval,4
/kaggle/input/datasets/aryashah2k/breast-ultrasound-images-dataset/Dataset_BUSI_with_GT/normal/normal (15).png,normal (15).png,normal,554,464,RGB,1,/kaggle/input/datasets/aryashah2k/breast-ultrasound-images-dataset/Dataset_BUSI_with_GT/normal/normal (15)_mask.png,c11e8ea8b8d551cd76dd52fe7d9a4311,ee9031434efc87a9,687,False,trainval,0
/kaggle/input/datasets/aryashah2k/breast-ultrasound-images-dataset/Dataset_BUSI_with_GT/normal/normal (16).png,normal (16).png,normal,566,464,RGB,1,/kaggle/input/datasets/aryashah2k/breast-ultrasound-images-dataset/Dataset_BUSI_with_GT/normal/normal (16)_mask.png,7d758838f5e47104b6b4dd6ac81741f9,c1bb7e7c06c28399,688,False,test,-1
/kaggle/input/datasets/aryashah2k/breast-ultrasound-images-dataset/Dataset_BUSI_with_GT/normal/normal (17).png,normal (17).png,normal,560,465,RGB,1,/kaggle/input/datasets/aryashah2k/breast-ultrasound-images-dataset/Dataset_BUSI_with_GT/normal/normal (17)_mask.png,44c89f4111863611f1b29b24dfe302ba,87a1b99f6c682a8e,689,False,trainval,2
/kaggle/input/datasets/aryashah2k/breast-ultrasound-images-dataset/Dataset_BUSI_with_GT/normal/normal (18).png,normal (18).png,normal,562,473,RGB,1,/kaggle/input/datasets/aryashah2k/breast-ultrasound-images-dataset/Dataset_BUSI_with_GT/normal/normal (18)_mask.png,c320d666568f5d86b73772d4c84f356a,9aa4a5995b760ecc,690,False,trainval,1
/kaggle/input/datasets/aryashah2k/breast-ultrasound-images-dataset/Dataset_BUSI_with_GT/normal/normal (19).png,normal (19).png,normal,660,566,RGB,1,/kaggle/input/datasets/aryashah2k/breast-ultrasound-images-dataset/Dataset_BUSI_with_GT/normal/normal (19)_mask.png,bff4e87c883b16247ca61426c46e216a,96f449090bc6977e,691,False,trainval,2
/kaggle/input/datasets/aryashah2k/breast-ultrasound-images-dataset/Dataset_BUSI_with_GT/normal/normal (2).png,normal (2).png,normal,552,471,RGB,1,/kaggle/input/datasets/aryashah2k/breast-ultrasound-images-dataset/Dataset_BUSI_with_GT/normal/normal (2)_mask.png,26e05f8a3e2da623fc87c7698be3b111,838c791f7c69b892,692,False,trainval,3
/kaggle/input/datasets/aryashah2k/breast-ultrasound-images-dataset/Dataset_BUSI_with_GT/normal/normal (20).png,normal (20).png,normal,851,687,RGB,1,/kaggle/input/datasets/aryashah2k/breast-ultrasound-images-dataset/Dataset_BUSI_with_GT/normal/normal (20)_mask.png,3393fdfe5b91068a072317259c19d9c3,e3ba046572ad9d89,693,False,trainval,4
/kaggle/input/datasets/aryashah2k/breast-ultrasound-images-dataset/Dataset_BUSI_with_GT/normal/normal (21).png,normal (21).png,normal,545,463,RGB,1,/kaggle/input/datasets/aryashah2k/breast-ultrasound-images-dataset/Dataset_BUSI_with_GT/normal/normal (21)_mask.png,05119f785f7b91d8259f0bd0ed51e57c,f3d3be2c454dc0c2,741,False,trainval,0
/kaggle/input/datasets/aryashah2k/breast-ultrasound-images-dataset/Dataset_BUSI_with_GT/normal/normal (22).png,normal (22).png,normal,552,470,RGB,1,/kaggle/input/datasets/aryashah2k/breast-ultrasound-images-dataset/Dataset_BUSI_with_GT/normal/normal (22)_mask.png,bf8c280b3211f2a69e7e5f88622168bb,97e56a9bec908386,695,False,trainval,4
/kaggle/input/datasets/aryashah2k/breast-ultrasound-images-dataset/Dataset_BUSI_with_GT/normal/normal (23).png,normal (23).png,normal,763,578,RGB,1,/kaggle/input/datasets/aryashah2k/breast-ultrasound-images-dataset/Dataset_BUSI_with_GT/normal/normal (23)_mask.png,86bf599675a3e9f5a4c9ea9f2ac43acb,cabb2414036fcbdc,696,False,test,-1
/kaggle/input/datasets/aryashah2k/breast-ultrasound-images-dataset/Dataset_BUSI_with_GT/normal/normal (24).png,normal (24).png,normal,626,573,RGB,1,/kaggle/input/datasets/aryashah2k/breast-ultrasound-images-dataset/Dataset_BUSI_with_GT/normal/normal (24)_mask.png,025338977ba2cc68d186ae1cdd484964,f191aeed6f1c0464,697,False,trainval,0
/kaggle/input/datasets/aryashah2k/breast-ultrasound-images-dataset/Dataset_BUSI_with_GT/normal/normal (25).png,normal (25).png,normal,781,571,RGB,1,/kaggle/input/datasets/aryashah2k/breast-ultrasound-images-dataset/Dataset_BUSI_with_GT/normal/normal (25)_mask.png,fac26083bafebc1463b3541f72a7f209,c4be6b7890c08f9b,698,False,trainval,1
/kaggle/input/datasets/aryashah2k/breast-ultrasound-images-dataset/Dataset_BUSI_with_GT/normal/normal (26).png,normal (26).png,normal,738,475,RGB,1,/kaggle/input/datasets/aryashah2k/breast-ultrasound-images-dataset/Dataset_BUSI_with_GT/normal/normal (26)_mask.png,88e8552fea1a126e54092283c21bbc7d,96b5ed690b1b449c,699,False,test,-1
/kaggle/input/datasets/aryashah2k/breast-ultrasound-images-dataset/Dataset_BUSI_with_GT/normal/normal (27).png,normal (27).png,normal,804,707,RGB,1,/kaggle/input/datasets/aryashah2k/breast-ultrasound-images-dataset/Dataset_BUSI_with_GT/normal/normal (27)_mask.png,95bdd862b1867519cf610a0e5aa1552f,a9ac5e171e4a591d,700,False,trainval,0
/kaggle/input/datasets/aryashah2k/breast-ultrasound-images-dataset/Dataset_BUSI_with_GT/normal/normal (28).png,normal (28).png,normal,761,619,RGB,1,/kaggle/input/datasets/aryashah2k/breast-ultrasound-images-dataset/Dataset_BUSI_with_GT/normal/normal (28)_mask.png,b9eb600e1f12dc540282ee8fabd7fc84,eea8999592c253f2,701,False,trainval,1
/kaggle/input/datasets/aryashah2k/breast-ultrasound-images-dataset/Dataset_BUSI_with_GT/normal/normal (29).png,normal (29).png,normal,679,567,RGB,1,/kaggle/input/datasets/aryashah2k/breast-ultrasound-images-dataset/Dataset_BUSI_with_GT/normal/normal (29)_mask.png,bba415cfec75a64d7d4038a7f18cfe95,d1d22e0c4ae5f1d9,702,False,trainval,3
/kaggle/input/datasets/aryashah2k/breast-ultrasound-images-dataset/Dataset_BUSI_with_GT/normal/normal (3).png,normal (3).png,normal,554,465,RGB,1,/kaggle/input/datasets/aryashah2k/breast-ultrasound-images-dataset/Dataset_BUSI_with_GT/normal/normal (3)_mask.png,d14d66713258f14645df8f8d7df1bcfa,8380f8551d7abaae,703,False,trainval,2
/kaggle/input/datasets/aryashah2k/breast-ultrasound-images-dataset/Dataset_BUSI_with_GT/normal/normal (30).png,normal (30).png,normal,550,490,RGB,1,/kaggle/input/datasets/aryashah2k/breast-ultrasound-images-dataset/Dataset_BUSI_with_GT/normal/normal (30)_mask.png,0bee931793e11c7cf63842ca5e203087,c0d8aac2bf2be1d1,704,False,trainval,4
/kaggle/input/datasets/aryashah2k/breast-ultrasound-images-dataset/Dataset_BUSI_with_GT/normal/normal (31).png,normal (31).png,normal,547,473,RGB,1,/kaggle/input/datasets/aryashah2k/breast-ultrasound-images-dataset/Dataset_BUSI_with_GT/normal/normal (31)_mask.png,d154fd54f60974c5b2511815f11e94a9,c1b4fa2a2e296b99,705,False,trainval,1
/kaggle/input/datasets/aryashah2k/breast-ultrasound-images-dataset/Dataset_BUSI_with_GT/normal/normal (32).png,normal (32).png,normal,557,470,RGB,1,/kaggle/input/datasets/aryashah2k/breast-ultrasound-images-dataset/Dataset_BUSI_with_GT/normal/normal (32)_mask.png,88aebaa7fc9bf570c007d7ca16dd8821,c1b76eb1bd8345c0,706,False,test,-1
/kaggle/input/datasets/aryashah2k/breast-ultrasound-images-dataset/Dataset_BUSI_with_GT/normal/normal (33).png,normal (33).png,normal,777,587,RGB,1,/kaggle/input/datasets/aryashah2k/breast-ultrasound-images-dataset/Dataset_BUSI_with_GT/normal/normal (33)_mask.png,dba8d85354d787470fc68b5d9cb93685,bdd9e66748923485,707,False,test,-1
/kaggle/input/datasets/aryashah2k/breast-ultrasound-images-dataset/Dataset_BUSI_with_GT/normal/normal (34).png,normal (34).png,normal,779,576,RGB,1,/kaggle/input/datasets/aryashah2k/breast-ultrasound-images-dataset/Dataset_BUSI_with_GT/normal/normal (34)_mask.png,60ef9bd54d02b2be6d64ffdb0cf8c3a4,8fb5694a22929d5d,708,True,excluded,-1
/kaggle/input/datasets/aryashah2k/breast-ultrasound-images-dataset/Dataset_BUSI_with_GT/normal/normal (35).png,normal (35).png,normal,616,688,RGB,1,/kaggle/input/datasets/aryashah2k/breast-ultrasound-images-dataset/Dataset_BUSI_with_GT/normal/normal (35)_mask.png,3e363a5d158e6ec46da2673582a8f9a1,e48cdaf22e1b10f6,709,False,trainval,0
/kaggle/input/datasets/aryashah2k/breast-ultrasound-images-dataset/Dataset_BUSI_with_GT/normal/normal (36).png,normal (36).png,normal,812,705,RGB,1,/kaggle/input/datasets/aryashah2k/breast-ultrasound-images-dataset/Dataset_BUSI_with_GT/normal/normal (36)_mask.png,ef8e4433545f860c65b5859b41e318f8,e8e9881417cf9cd6,710,False,trainval,3
/kaggle/input/datasets/aryashah2k/breast-ultrasound-images-dataset/Dataset_BUSI_with_GT/normal/normal (37).png,normal (37).png,normal,816,709,RGB,1,/kaggle/input/datasets/aryashah2k/breast-ultrasound-images-dataset/Dataset_BUSI_with_GT/normal/normal (37)_mask.png,d4e68e5beaf96b67205cce7163a47100,c6bfe9494a5616c2,711,False,trainval,4
/kaggle/input/datasets/aryashah2k/breast-ultrasound-images-dataset/Dataset_BUSI_with_GT/normal/normal (38).png,normal (38).png,normal,763,619,RGB,1,/kaggle/input/datasets/aryashah2k/breast-ultrasound-images-dataset/Dataset_BUSI_with_GT/normal/normal (38)_mask.png,c97923191da73cb45cea32c3481f2392,c4d4bfbbe8e21290,729,False,trainval,0
/kaggle/input/datasets/aryashah2k/breast-ultrasound-images-dataset/Dataset_BUSI_with_GT/normal/normal (39).png,normal (39).png,normal,757,618,RGB,1,/kaggle/input/datasets/aryashah2k/breast-ultrasound-images-dataset/Dataset_BUSI_with_GT/normal/normal (39)_mask.png,2a4db3266f61d50a645c46edf90816bf,98f946a78a86c6c7,732,False,trainval,0
/kaggle/input/datasets/aryashah2k/breast-ultrasound-images-dataset/Dataset_BUSI_with_GT/normal/normal (4).png,normal (4).png,normal,578,434,RGB,1,/kaggle/input/datasets/aryashah2k/breast-ultrasound-images-dataset/Dataset_BUSI_with_GT/normal/normal (4)_mask.png,40ff25eaa01c4a8cfff56c75973f7e02,daace4b3a2f2c1c4,714,False,trainval,2
/kaggle/input/datasets/aryashah2k/breast-ultrasound-images-dataset/Dataset_BUSI_with_GT/normal/normal (40).png,normal (40).png,normal,763,598,RGB,1,/kaggle/input/datasets/aryashah2k/breast-ultrasound-images-dataset/Dataset_BUSI_with_GT/normal/normal (40)_mask.png,dc58682cf3c517e1c07aee463b776270,f2b08d4c7c2d358d,735,False,trainval,1
/kaggle/input/datasets/aryashah2k/breast-ultrasound-images-dataset/Dataset_BUSI_with_GT/normal/normal (41).png,normal (41).png,normal,761,600,RGB,1,/kaggle/input/datasets/aryashah2k/breast-ultrasound-images-dataset/Dataset_BUSI_with_GT/normal/normal (41)_mask.png,dc3bb228b1cd469f19cfa9670492826e,c6b8284a1dfc3cb5,738,False,trainval,3
/kaggle/input/datasets/aryashah2k/breast-ultrasound-images-dataset/Dataset_BUSI_with_GT/normal/normal (42).png,normal (42).png,normal,763,611,RGB,1,/kaggle/input/datasets/aryashah2k/breast-ultrasound-images-dataset/Dataset_BUSI_with_GT/normal/normal (42)_mask.png,3083ca39626039c812dfda2a364f97ae,80be778980d2b3cf,739,False,trainval,4
/kaggle/input/datasets/aryashah2k/breast-ultrasound-images-dataset/Dataset_BUSI_with_GT/normal/normal (43).png,normal (43).png,normal,759,592,RGB,1,/kaggle/input/datasets/aryashah2k/breast-ultrasound-images-dataset/Dataset_BUSI_with_GT/normal/normal (43)_mask.png,b43b7b4fa981577fc5919f038782252a,c4d4bfbbe8e212c0,729,False,trainval,0
/kaggle/input/datasets/aryashah2k/breast-ultrasound-images-dataset/Dataset_BUSI_with_GT/normal/normal (44).png,normal (44).png,normal,761,618,RGB,1,/kaggle/input/datasets/aryashah2k/breast-ultrasound-images-dataset/Dataset_BUSI_with_GT/normal/normal (44)_mask.png,a21ff2a3ff8f6b4105fc91f80fdac2b1,c4b8284a1dfcbcb5,738,False,trainval,3
/kaggle/input/datasets/aryashah2k/breast-ultrasound-images-dataset/Dataset_BUSI_with_GT/normal/normal (45).png,normal (45).png,normal,767,601,RGB,1,/kaggle/input/datasets/aryashah2k/breast-ultrasound-images-dataset/Dataset_BUSI_with_GT/normal/normal (45)_mask.png,97a6c59c9eccbecf74e7a91c8a94cf5b,80be771980d2b3cf,739,False,trainval,4
/kaggle/input/datasets/aryashah2k/breast-ultrasound-images-dataset/Dataset_BUSI_with_GT/normal/normal (46).png,normal (46).png,normal,393,310,RGB,1,/kaggle/input/datasets/aryashah2k/breast-ultrasound-images-dataset/Dataset_BUSI_with_GT/normal/normal (46)_mask.png,62c371fcd991fbb9e00e285fe7ddb951,f2b08d4c7cad918d,735,False,trainval,1
/kaggle/input/datasets/aryashah2k/breast-ultrasound-images-dataset/Dataset_BUSI_with_GT/normal/normal (47).png,normal (47).png,normal,391,313,RGB,1,/kaggle/input/datasets/aryashah2k/breast-ultrasound-images-dataset/Dataset_BUSI_with_GT/normal/normal (47)_mask.png,c4558d97821c2e765dde205cd3c758a0,c6b8284a1dfcb4b5,738,False,trainval,3
/kaggle/input/datasets/aryashah2k/breast-ultrasound-images-dataset/Dataset_BUSI_with_GT/normal/normal (48).png,normal (48).png,normal,392,312,RGB,1,/kaggle/input/datasets/aryashah2k/breast-ultrasound-images-dataset/Dataset_BUSI_with_GT/normal/normal (48)_mask.png,c31dfbb90fc9e538178108c677358a41,98f966a78b8606c7,732,False,trainval,0
/kaggle/input/datasets/aryashah2k/breast-ultrasound-images-dataset/Dataset_BUSI_with_GT/normal/normal (49).png,normal (49).png,normal,396,316,RGB,1,/kaggle/input/datasets/aryashah2k/breast-ultrasound-images-dataset/Dataset_BUSI_with_GT/normal/normal (49)_mask.png,97956685ad34a343722b9ddf1be3cd4d,80be771980d2b3cf,739,False,trainval,4
/kaggle/input/datasets/aryashah2k/breast-ultrasound-images-dataset/Dataset_BUSI_with_GT/normal/normal (5).png,normal (5).png,normal,765,573,RGB,1,/kaggle/input/datasets/aryashah2k/breast-ultrasound-images-dataset/Dataset_BUSI_with_GT/normal/normal (5)_mask.png,608dc01679852c63bb1689d897e39794,8eb059db71ea90c5,725,False,trainval,2
/kaggle/input/datasets/aryashah2k/breast-ultrasound-images-dataset/Dataset_BUSI_with_GT/normal/normal (50).png,normal (50).png,normal,392,310,RGB,1,/kaggle/input/datasets/aryashah2k/breast-ultrasound-images-dataset/Dataset_BUSI_with_GT/normal/normal (50)_mask.png,166e65a9d0ee6dddaea13e35bb6ea49f,c4d4bfbbe8e212c0,729,False,trainval,0
/kaggle/input/datasets/aryashah2k/breast-ultrasound-images-dataset/Dataset_BUSI_with_GT/normal/normal (51).png,normal (51).png,normal,554,490,RGB,1,/kaggle/input/datasets/aryashah2k/breast-ultrasound-images-dataset/Dataset_BUSI_with_GT/normal/normal (51)_mask.png,32555f11c12458ceabcc0125842abf0f,8683c94c8521fefe,730,False,trainval,3
/kaggle/input/datasets/aryashah2k/breast-ultrasound-images-dataset/Dataset_BUSI_with_GT/normal/normal (52).png,normal (52).png,normal,552,487,RGB,1,/kaggle/input/datasets/aryashah2k/breast-ultrasound-images-dataset/Dataset_BUSI_with_GT/normal/normal (52)_mask.png,eb92df744a46cf7ce037ccc60495e9a1,8683cb4ca521fafc,730,False,trainval,3
/kaggle/input/datasets/aryashah2k/breast-ultrasound-images-dataset/Dataset_BUSI_with_GT/normal/normal (53).png,normal (53).png,normal,757,648,RGB,1,/kaggle/input/datasets/aryashah2k/breast-ultrasound-images-dataset/Dataset_BUSI_with_GT/normal/normal (53)_mask.png,bae8fc6bb4c63567224352e2c9c06998,c4d4bfbbe8e01292,729,False,trainval,0
/kaggle/input/datasets/aryashah2k/breast-ultrasound-images-dataset/Dataset_BUSI_with_GT/normal/normal (54).png,normal (54).png,normal,554,492,RGB,1,/kaggle/input/datasets/aryashah2k/breast-ultrasound-images-dataset/Dataset_BUSI_with_GT/normal/normal (54)_mask.png,739b15950ba7a651c9a8db452cd0efe6,8683cb4c8521fafe,730,False,trainval,3
/kaggle/input/datasets/aryashah2k/breast-ultrasound-images-dataset/Dataset_BUSI_with_GT/normal/normal (55).png,normal (55).png,normal,557,491,RGB,1,/kaggle/input/datasets/aryashah2k/breast-ultrasound-images-dataset/Dataset_BUSI_with_GT/normal/normal (55)_mask.png,da2c3fb760bc9b0525011c9cafebe381,d1e1e86c2666cb1b,745,False,trainval,3
/kaggle/input/datasets/aryashah2k/breast-ultrasound-images-dataset/Dataset_BUSI_with_GT/normal/normal (56).png,normal (56).png,normal,763,598,RGB,1,/kaggle/input/datasets/aryashah2k/breast-ultrasound-images-dataset/Dataset_BUSI_with_GT/normal/normal (56)_mask.png,e76d1567608f00e626f301b92b45c58b,98f966a78a8687c6,732,False,trainval,0
/kaggle/input/datasets/aryashah2k/breast-ultrasound-images-dataset/Dataset_BUSI_with_GT/normal/normal (57).png,normal (57).png,normal,548,490,RGB,1,/kaggle/input/datasets/aryashah2k/breast-ultrasound-images-dataset/Dataset_BUSI_with_GT/normal/normal (57)_mask.png,8811380c0f22c878e78faa395cc9e905,f1e1eb6c26668a1a,745,False,trainval,3
/kaggle/input/datasets/aryashah2k/breast-ultrasound-images-dataset/Dataset_BUSI_with_GT/normal/normal (58).png,normal (58).png,normal,554,487,RGB,1,/kaggle/input/datasets/aryashah2k/breast-ultrasound-images-dataset/Dataset_BUSI_with_GT/normal/normal (58)_mask.png,8b2444e8e62e6611f2d37586cd18e58f,80b86ccfd3d2b2b2,746,False,trainval,1
/kaggle/input/datasets/aryashah2k/breast-ultrasound-images-dataset/Dataset_BUSI_with_GT/normal/normal (59).png,normal (59).png,normal,765,621,RGB,1,/kaggle/input/datasets/aryashah2k/breast-ultrasound-images-dataset/Dataset_BUSI_with_GT/normal/normal (59)_mask.png,20443e9b4b79eddc8a59622b1fe0b5b0,f2b28d4c7c2d318d,735,False,trainval,1
/kaggle/input/datasets/aryashah2k/breast-ultrasound-images-dataset/Dataset_BUSI_with_GT/normal/normal (6).png,normal (6).png,normal,776,574,RGB,1,/kaggle/input/datasets/aryashah2k/breast-ultrasound-images-dataset/Dataset_BUSI_with_GT/normal/normal (6)_mask.png,bd578111773b685036e3d763ad689031,aabb6146d5ad849a,736,False,trainval,2
/kaggle/input/datasets/aryashah2k/breast-ultrasound-images-dataset/Dataset_BUSI_with_GT/normal/normal (60).png,normal (60).png,normal,552,486,RGB,1,/kaggle/input/datasets/aryashah2k/breast-ultrasound-images-dataset/Dataset_BUSI_with_GT/normal/normal (60)_mask.png,994529b1943230db698e0e61d0416b57,80b86ccfd3d2b2b2,746,False,trainval,1
/kaggle/input/datasets/aryashah2k/breast-ultrasound-images-dataset/Dataset_BUSI_with_GT/normal/normal (61).png,normal (61).png,normal,752,601,RGB,1,/kaggle/input/datasets/aryashah2k/breast-ultrasound-images-dataset/Dataset_BUSI_with_GT/normal/normal (61)_mask.png,f644ba33817eaaa3cb2844b1074e4bc2,c6b8084a1decbcb7,738,False,trainval,3
/kaggle/input/datasets/aryashah2k/breast-ultrasound-images-dataset/Dataset_BUSI_with_GT/normal/normal (62).png,normal (62).png,normal,763,598,RGB,1,/kaggle/input/datasets/aryashah2k/breast-ultrasound-images-dataset/Dataset_BUSI_with_GT/normal/normal (62)_mask.png,a4c494b26d1436d928b6b4a29b79f981,80be771980d2b3cf,739,False,trainval,4
/kaggle/input/datasets/aryashah2k/breast-ultrasound-images-dataset/Dataset_BUSI_with_GT/normal/normal (63).png,normal (63).png,normal,558,467,RGB,1,/kaggle/input/datasets/aryashah2k/breast-ultrasound-images-dataset/Dataset_BUSI_with_GT/normal/normal (63)_mask.png,d5d5a40026ed2a8c02e1de036555b78a,f3d3bc2c454dc2c2,741,False,trainval,0
/kaggle/input/datasets/aryashah2k/breast-ultrasound-images-dataset/Dataset_BUSI_with_GT/normal/normal (64).png,normal (64).png,normal,558,470,RGB,1,/kaggle/input/datasets/aryashah2k/breast-ultrasound-images-dataset/Dataset_BUSI_with_GT/normal/normal (64)_mask.png,90e4a1827d1af3295d75b81bf38dd8d4,f3d3bc2c454dc2c2,741,False,trainval,0
/kaggle/input/datasets/aryashah2k/breast-ultrasound-images-dataset/Dataset_BUSI_with_GT/normal/normal (65).png,normal (65).png,normal,670,570,RGB,1,/kaggle/input/datasets/aryashah2k/breast-ultrasound-images-dataset/Dataset_BUSI_with_GT/normal/normal (65)_mask.png,f12fa3f2fb891398b91ff1f394e4d6b8,ad85925b4a5deec0,742,False,test,-1
/kaggle/input/datasets/aryashah2k/breast-ultrasound-images-dataset/Dataset_BUSI_with_GT/normal/normal (66).png,normal (66).png,normal,561,468,RGB,1,/kaggle/input/datasets/aryashah2k/breast-ultrasound-images-dataset/Dataset_BUSI_with_GT/normal/normal (66)_mask.png,5468c06101c5278c34d1d0ec73a623f6,d7ea28b1efb21230,743,False,trainval,1
/kaggle/input/datasets/aryashah2k/breast-ultrasound-images-dataset/Dataset_BUSI_with_GT/normal/normal (67).png,normal (67).png,normal,545,493,RGB,1,/kaggle/input/datasets/aryashah2k/breast-ultrasound-images-dataset/Dataset_BUSI_with_GT/normal/normal (67)_mask.png,84beabcc25dc8f53a9f06ac4e445707e,f1e1ea6c24668b1b,745,False,trainval,3
/kaggle/input/datasets/aryashah2k/breast-ultrasound-images-dataset/Dataset_BUSI_with_GT/normal/normal (68).png,normal (68).png,normal,558,488,RGB,1,/kaggle/input/datasets/aryashah2k/breast-ultrasound-images-dataset/Dataset_BUSI_with_GT/normal/normal (68)_mask.png,05ff823d754642044d67a3cd321f3410,d1e1e96c26668b1b,745,False,trainval,3
/kaggle/input/datasets/aryashah2k/breast-ultrasound-images-dataset/Dataset_BUSI_with_GT/normal/normal (69).png,normal (69).png,normal,556,487,RGB,1,/kaggle/input/datasets/aryashah2k/breast-ultrasound-images-dataset/Dataset_BUSI_with_GT/normal/normal (69)_mask.png,344783caa280502adb53f65ff30fd347,80b86cefd3d232b2,746,False,trainval,1
/kaggle/input/datasets/aryashah2k/breast-ultrasound-images-dataset/Dataset_BUSI_with_GT/normal/normal (7).png,normal (7).png,normal,770,585,RGB,1,/kaggle/input/datasets/aryashah2k/breast-ultrasound-images-dataset/Dataset_BUSI_with_GT/normal/normal (7)_mask.png,ed80f083b20240c4b0b35a1c6c116d38,81ad6f7e9c68d0a2,747,False,trainval,2
/kaggle/input/datasets/aryashah2k/breast-ultrasound-images-dataset/Dataset_BUSI_with_GT/normal/normal (70).png,normal (70).png,normal,557,471,RGB,1,/kaggle/input/datasets/aryashah2k/breast-ultrasound-images-dataset/Dataset_BUSI_with_GT/normal/normal (70)_mask.png,425f95cc4365322433cf9c670a7ca2c7,eda4435f1bc184e6,748,False,test,-1
/kaggle/input/datasets/aryashah2k/breast-ultrasound-images-dataset/Dataset_BUSI_with_GT/normal/normal (71).png,normal (71).png,normal,547,470,RGB,1,/kaggle/input/datasets/aryashah2k/breast-ultrasound-images-dataset/Dataset_BUSI_with_GT/normal/normal (71)_mask.png,b989bc220dcf010399f66910357db15d,b5bd7a42c22cbc86,749,False,trainval,4
/kaggle/input/datasets/aryashah2k/breast-ultrasound-images-dataset/Dataset_BUSI_with_GT/normal/normal (72).png,normal (72).png,normal,916,692,RGB,1,/kaggle/input/datasets/aryashah2k/breast-ultrasound-images-dataset/Dataset_BUSI_with_GT/normal/normal (72)_mask.png,b90b79f87edb121cf72bfc4fdce970ab,c0d75ff24497e0c2,750,False,trainval,0
/kaggle/input/datasets/aryashah2k/breast-ultrasound-images-dataset/Dataset_BUSI_with_GT/normal/normal (73).png,normal (73).png,normal,509,474,RGB,1,/kaggle/input/datasets/aryashah2k/breast-ultrasound-images-dataset/Dataset_BUSI_with_GT/normal/normal (73)_mask.png,f326df5333f0d5d1496288c64e0f917d,8dd57062329e8d8f,751,False,trainval,3
/kaggle/input/datasets/aryashah2k/breast-ultrasound-images-dataset/Dataset_BUSI_with_GT/normal/normal (74).png,normal (74).png,normal,558,467,RGB,1,/kaggle/input/datasets/aryashah2k/breast-ultrasound-images-dataset/Dataset_BUSI_with_GT/normal/normal (74)_mask.png,57e09f1ee0fdf4bc606438e70b29b138,cdc219f68da8cd92,752,False,test,-1
/kaggle/input/datasets/aryashah2k/breast-ultrasound-images-dataset/Dataset_BUSI_with_GT/normal/normal (75).png,normal (75).png,normal,556,467,RGB,1,/kaggle/input/datasets/aryashah2k/breast-ultrasound-images-dataset/Dataset_BUSI_with_GT/normal/normal (75)_mask.png,62468c824085887cca315bd9bb12d91c,c2a835a4f3c33cce,753,False,trainval,1
/kaggle/input/datasets/aryashah2k/breast-ultrasound-images-dataset/Dataset_BUSI_with_GT/normal/normal (76).png,normal (76).png,normal,555,469,RGB,1,/kaggle/input/datasets/aryashah2k/breast-ultrasound-images-dataset/Dataset_BUSI_with_GT/normal/normal (76)_mask.png,77ee1ebf0f40915353c215cb85eb0935,93e03e6f1ad4d4a4,754,False,trainval,1
/kaggle/input/datasets/aryashah2k/breast-ultrasound-images-dataset/Dataset_BUSI_with_GT/normal/normal (77).png,normal (77).png,normal,560,471,RGB,1,/kaggle/input/datasets/aryashah2k/breast-ultrasound-images-dataset/Dataset_BUSI_with_GT/normal/normal (77)_mask.png,b758d0385b51d73469e58851e9d0c2ac,8df17012dba63e0b,755,False,trainval,4
/kaggle/input/datasets/aryashah2k/breast-ultrasound-images-dataset/Dataset_BUSI_with_GT/normal/normal (78).png,normal (78).png,normal,731,478,RGB,1,/kaggle/input/datasets/aryashah2k/breast-ultrasound-images-dataset/Dataset_BUSI_with_GT/normal/normal (78)_mask.png,65873f5001e2434c71c962443e1dc743,9fe5c0024795b5f4,756,False,trainval,2
/kaggle/input/datasets/aryashah2k/breast-ultrasound-images-dataset/Dataset_BUSI_with_GT/normal/normal (79).png,normal (79).png,normal,703,471,RGB,1,/kaggle/input/datasets/aryashah2k/breast-ultrasound-images-dataset/Dataset_BUSI_with_GT/normal/normal (79)_mask.png,dd8807a48c3a24a49bf133e7d5a3912f,adc4941305277eed,757,False,test,-1
/kaggle/input/datasets/aryashah2k/breast-ultrasound-images-dataset/Dataset_BUSI_with_GT/normal/normal (8).png,normal (8).png,normal,775,587,RGB,1,/kaggle/input/datasets/aryashah2k/breast-ultrasound-images-dataset/Dataset_BUSI_with_GT/normal/normal (8)_mask.png,dce691f43ffeb2dde76e9e5e8e7d9f75,ee8c91538aa0bde5,758,False,trainval,2
/kaggle/input/datasets/aryashah2k/breast-ultrasound-images-dataset/Dataset_BUSI_with_GT/normal/normal (80).png,normal (80).png,normal,562,470,RGB,1,/kaggle/input/datasets/aryashah2k/breast-ultrasound-images-dataset/Dataset_BUSI_with_GT/normal/normal (80)_mask.png,c7761cb4f2db83b5946daaf0a0a7534c,8cd1530ebdb1cacc,759,False,trainval,0
/kaggle/input/datasets/aryashah2k/breast-ultrasound-images-dataset/Dataset_BUSI_with_GT/normal/normal (81).png,normal (81).png,normal,767,587,RGB,1,/kaggle/input/datasets/aryashah2k/breast-ultrasound-images-dataset/Dataset_BUSI_with_GT/normal/normal (81)_mask.png,61c6e4da2aabe9d3fe2b3755b9bac85d,daba2415036ecbf4,760,False,trainval,4
/kaggle/input/datasets/aryashah2k/breast-ultrasound-images-dataset/Dataset_BUSI_with_GT/normal/normal (82).png,normal (82).png,normal,560,468,RGB,1,/kaggle/input/datasets/aryashah2k/breast-ultrasound-images-dataset/Dataset_BUSI_with_GT/normal/normal (82)_mask.png,da6ecceb4f248c530d5e3fde6b8ab2d1,edb15373a58686c8,761,False,trainval,1
/kaggle/input/datasets/aryashah2k/breast-ultrasound-images-dataset/Dataset_BUSI_with_GT/normal/normal (83).png,normal (83).png,normal,619,576,RGB,1,/kaggle/input/datasets/aryashah2k/breast-ultrasound-images-dataset/Dataset_BUSI_with_GT/normal/normal (83)_mask.png,fdde9bb539dcd6a92c9c6c1d5c3b312a,e5bc3fc369015a61,762,False,trainval,4
/kaggle/input/datasets/aryashah2k/breast-ultrasound-images-dataset/Dataset_BUSI_with_GT/normal/normal (84).png,normal (84).png,normal,509,477,RGB,1,/kaggle/input/datasets/aryashah2k/breast-ultrasound-images-dataset/Dataset_BUSI_with_GT/normal/normal (84)_mask.png,adcfdd6f94ad08211c9a74190d0d3908,e49c1b3bc7a0d09d,763,False,trainval,2
/kaggle/input/datasets/aryashah2k/breast-ultrasound-images-dataset/Dataset_BUSI_with_GT/normal/normal (85).png,normal (85).png,normal,557,464,RGB,1,/kaggle/input/datasets/aryashah2k/breast-ultrasound-images-dataset/Dataset_BUSI_with_GT/normal/normal (85)_mask.png,a7b928d0e64e17f2065c99981cac2a0f,c3a46c6d8cda4793,764,False,test,-1
/kaggle/input/datasets/aryashah2k/breast-ultrasound-images-dataset/Dataset_BUSI_with_GT/normal/normal (86).png,normal (86).png,normal,552,469,RGB,1,/kaggle/input/datasets/aryashah2k/breast-ultrasound-images-dataset/Dataset_BUSI_with_GT/normal/normal (86)_mask.png,3235a7f6cabd9f5ae450b5e128327357,d1b929cf2c90dec4,765,False,trainval,3
/kaggle/input/datasets/aryashah2k/breast-ultrasound-images-dataset/Dataset_BUSI_with_GT/normal/normal (87).png,normal (87).png,normal,552,467,RGB,1,/kaggle/input/datasets/aryashah2k/breast-ultrasound-images-dataset/Dataset_BUSI_with_GT/normal/normal (87)_mask.png,6d58bc5369178ff414c7f2f6b639e6dc,92dd6b2bc36a2594,766,False,test,-1
/kaggle/input/datasets/aryashah2k/breast-ultrasound-images-dataset/Dataset_BUSI_with_GT/normal/normal (88).png,normal (88).png,normal,560,463,RGB,1,/kaggle/input/datasets/aryashah2k/breast-ultrasound-images-dataset/Dataset_BUSI_with_GT/normal/normal (88)_mask.png,b81b4f6dc2d1ee658fbfcd2fc6ec61a0,c0c3a75cbc3f61b0,767,False,trainval,0
/kaggle/input/datasets/aryashah2k/breast-ultrasound-images-dataset/Dataset_BUSI_with_GT/normal/normal (89).png,normal (89).png,normal,558,467,RGB,1,/kaggle/input/datasets/aryashah2k/breast-ultrasound-images-dataset/Dataset_BUSI_with_GT/normal/normal (89)_mask.png,42c4aba8aa481ff8a3d1ae91f0f3f996,cc9179ba93d33286,768,False,trainval,3
/kaggle/input/datasets/aryashah2k/breast-ultrasound-images-dataset/Dataset_BUSI_with_GT/normal/normal (9).png,normal (9).png,normal,495,491,RGB,1,/kaggle/input/datasets/aryashah2k/breast-ultrasound-images-dataset/Dataset_BUSI_with_GT/normal/normal (9)_mask.png,dad50e2fa1cb2fb16d645c831eb52502,e4e48f1b785c48f8,769,False,trainval,0
/kaggle/input/datasets/aryashah2k/breast-ultrasound-images-dataset/Dataset_BUSI_with_GT/normal/normal (90).png,normal (90).png,normal,558,496,RGB,1,/kaggle/input/datasets/aryashah2k/breast-ultrasound-images-dataset/Dataset_BUSI_with_GT/normal/normal (90)_mask.png,a759b1de35cdb73d78c9337414240580,94c16b98ce2fe19c,770,False,trainval,4
/kaggle/input/datasets/aryashah2k/breast-ultrasound-images-dataset/Dataset_BUSI_with_GT/normal/normal (91).png,normal (91).png,normal,558,493,RGB,1,/kaggle/input/datasets/aryashah2k/breast-ultrasound-images-dataset/Dataset_BUSI_with_GT/normal/normal (91)_mask.png,d05dc9da684641d45530b9d47dbbeceb,809866e4a8cf9ef3,771,False,trainval,3
/kaggle/input/datasets/aryashah2k/breast-ultrasound-images-dataset/Dataset_BUSI_with_GT/normal/normal (92).png,normal (92).png,normal,554,486,RGB,1,/kaggle/input/datasets/aryashah2k/breast-ultrasound-images-dataset/Dataset_BUSI_with_GT/normal/normal (92)_mask.png,cd7a10d9bd44f9736f56b7a2fb62016b,ed9d00cb82f4f1ac,772,False,test,-1
/kaggle/input/datasets/aryashah2k/breast-ultrasound-images-dataset/Dataset_BUSI_with_GT/normal/normal (93).png,normal (93).png,normal,770,578,RGB,1,/kaggle/input/datasets/aryashah2k/breast-ultrasound-images-dataset/Dataset_BUSI_with_GT/normal/normal (93)_mask.png,1f6faba65aa726fd3b1456555e2fdd51,89bc7ac3259c6bc2,773,False,trainval,1
/kaggle/input/datasets/aryashah2k/breast-ultrasound-images-dataset/Dataset_BUSI_with_GT/normal/normal (94).png,normal (94).png,normal,678,585,RGB,1,/kaggle/input/datasets/aryashah2k/breast-ultrasound-images-dataset/Dataset_BUSI_with_GT/normal/normal (94)_mask.png,bed9c9c82a53b627129b5b7f52b3217a,f0af49918f2e78b0,774,False,trainval,2
/kaggle/input/datasets/aryashah2k/breast-ultrasound-images-dataset/Dataset_BUSI_with_GT/normal/normal (95).png,normal (95).png,normal,693,582,RGB,1,/kaggle/input/datasets/aryashah2k/breast-ultrasound-images-dataset/Dataset_BUSI_with_GT/normal/normal (95)_mask.png,3acb3b8f306d5d97bf9439c09f92a683,9dfb450a3e8c3552,775,False,trainval,1
/kaggle/input/datasets/aryashah2k/breast-ultrasound-images-dataset/Dataset_BUSI_with_GT/normal/normal (96).png,normal (96).png,normal,687,578,RGB,1,/kaggle/input/datasets/aryashah2k/breast-ultrasound-images-dataset/Dataset_BUSI_with_GT/normal/normal (96)_mask.png,d96a525313bdf6683bfcfdba98b18674,90ebaf6e8c9f4310,776,False,trainval,1
/kaggle/input/datasets/aryashah2k/breast-ultrasound-images-dataset/Dataset_BUSI_with_GT/normal/normal (97).png,normal (97).png,normal,560,470,RGB,1,/kaggle/input/datasets/aryashah2k/breast-ultrasound-images-dataset/Dataset_BUSI_with_GT/normal/normal (97)_mask.png,8156900cf00a380cff4ce03cb3244ede,80847773dd9db192,778,False,trainval,4
/kaggle/input/datasets/aryashah2k/breast-ultrasound-images-dataset/Dataset_BUSI_with_GT/normal/normal (98).png,normal (98).png,normal,562,470,RGB,1,/kaggle/input/datasets/aryashah2k/breast-ultrasound-images-dataset/Dataset_BUSI_with_GT/normal/normal (98)_mask.png,4fd6a1f35925fb6f36877fd0e24b73ff,80847773dd9db192,778,False,trainval,4
/kaggle/input/datasets/aryashah2k/breast-ultrasound-images-dataset/Dataset_BUSI_with_GT/normal/normal (99).png,normal (99).png,normal,556,468,RGB,1,/kaggle/input/datasets/aryashah2k/breast-ultrasound-images-dataset/Dataset_BUSI_with_GT/normal/normal (99)_mask.png,cc5278cdcd17f08864838ee84decf40c,a6b1598f0a62c7f1,779,False,trainval,3
